utt_id,audio_path,label,source,clone_model,attack_type,attack_params,text,text_source,prompt_utt_id,speaker_id,sample_rate,duration,split,sha256
LA_E_3305029,data/asvspoof/test/LA_0001/LA_E_3305029.flac,real,asvspoof2019_la,none,none,na,na,na,na,LA_0001,16000,2.553,test,na
LA_E_6580034,data/asvspoof/test/LA_0001/LA_E_6580034.flac,real,asvspoof2019_la,none,none,na,na,na,na,LA_0001,16000,3.667,test,na
LA_E_5307744,data/asvspoof/test/LA_0002/LA_E_5307744.flac,real,asvspoof2019_la,none,none,na,na,na,na,LA_0002,16000,3.114,test,na
LA_E_7604296,data/asvspoof/test/LA_0002/LA_E_7604296.flac,real,asvspoof2019_la,none,none,na,na,na,na,LA_0002,16000,8.061,test,na
LA_E_9502086,data/asvspoof/test/LA_0003/LA_E_9502086.flac,real,asvspoof2019_la,none,none,na,na,na,na,LA_0003,16000,3.878,test,na
LA_E_4884352,data/asvspoof/test/LA_0003/LA_E_4884352.flac,real,asvspoof2019_la,none,none,na,na,na,na,LA_0003,16000,3.412,test,na
LA_E_2087578,data/asvspoof/test/LA_0004/LA_E_2087578.flac,real,asvspoof2019_la,none,none,na,na,na,na,LA_0004,16000,3.328,test,na
LA_E_1539224,data/asvspoof/test/LA_0004/LA_E_1539224.flac,real,asvspoof2019_la,none,none,na,na,na,na,LA_0004,16000,2.811,test,na
LA_E_5009719,data/asvspoof/test/LA_0004/LA_E_5009719.flac,real,asvspoof2019_la,none,none,na,na,na,na,LA_0004,16000,2.941,test,na
LA_E_3739591,data/asvspoof/test/LA_0004/LA_E_3739591.flac,real,asvspoof2019_la,none,none,na,na,na,na,LA_0004,16000,2.641,test,na
LA_E_4292147,data/asvspoof/test/LA_0005/LA_E_4292147.flac,real,asvspoof2019_la,none,none,na,na,na,na,LA_0005,16000,4.304,test,na
LA_E_9021464,data/asvspoof/test/LA_0005/LA_E_9021464.flac,real,asvspoof2019_la,none,none,na,na,na,na,LA_0005,16000,3.323,test,na
LA_E_3071430,data/asvspoof/test/LA_0006/LA_E_3071430.flac,real,asvspoof2019_la,none,none,na,na,na,na,LA_0006,16000,5.673,test,na
LA_E_2614442,data/asvspoof/test/LA_0006/LA_E_2614442.flac,real,asvspoof2019_la,none,none,na,na,na,na,LA_0006,16000,4.525,test,na
LA_E_3334364,data/asvspoof/test/LA_0006/LA_E_3334364.flac,real,asvspoof2019_la,none,none,na,na,na,na,LA_0006,16000,3.921,test,na
LA_E_1751798,data/asvspoof/test/LA_0006/LA_E_1751798.flac,real,asvspoof2019_la,none,none,na,na,na,na,LA_0006,16000,4.176,test,na
LA_E_7682639,data/asvspoof/test/LA_0007/LA_E_7682639.flac,real,asvspoof2019_la,none,none,na,na,na,na,LA_0007,16000,2.425,test,na
LA_E_1198781,data/asvspoof/test/LA_0007/LA_E_1198781.flac,real,asvspoof2019_la,none,none,na,na,na,na,LA_0007,16000,2.088,test,na
LA_E_6496136,data/asvspoof/test/LA_0008/LA_E_6496136.flac,real,asvspoof2019_la,none,none,na,na,na,na,LA_0008,16000,3.666,test,na
LA_E_1960467,data/asvspoof/test/LA_0008/LA_E_1960467.flac,real,asvspoof2019_la,none,none,na,na,na,na,LA_0008,16000,2.767,test,na
LA_E_7795320,data/asvspoof/test/LA_0008/LA_E_7795320.flac,real,asvspoof2019_la,none,none,na,na,na,na,LA_0008,16000,3.413,test,na
LA_E_3325588,data/asvspoof/test/LA_0008/LA_E_3325588.flac,real,asvspoof2019_la,none,none,na,na,na,na,LA_0008,16000,4.942,test,na
LA_E_6346279,data/asvspoof/test/LA_0009/LA_E_6346279.flac,real,asvspoof2019_la,none,none,na,na,na,na,LA_0009,16000,3.453,test,na
LA_E_9782835,data/asvspoof/test/LA_0009/LA_E_9782835.flac,real,asvspoof2019_la,none,none,na,na,na,na,LA_0009,16000,2.641,test,na
LA_E_3899422,data/asvspoof/test/LA_0009/LA_E_3899422.flac,real,asvspoof2019_la,none,none,na,na,na,na,LA_0009,16000,3.455,test,na
LA_E_1737745,data/asvspoof/test/LA_0009/LA_E_1737745.flac,real,asvspoof2019_la,none,none,na,na,na,na,LA_0009,16000,4.176,test,na
LA_E_6957133,data/asvspoof/test/LA_0010/LA_E_6957133.flac,real,asvspoof2019_la,none,none,na,na,na,na,LA_0010,16000,2.341,test,na
LA_E_6948141,data/asvspoof/test/LA_0010/LA_E_6948141.flac,real,asvspoof2019_la,none,none,na,na,na,na,LA_0010,16000,2.473,test,na
LA_E_6105359,data/asvspoof/test/LA_0010/LA_E_6105359.flac,real,asvspoof2019_la,none,none,na,na,na,na,LA_0010,16000,2.175,test,na
LA_E_5267373,data/asvspoof/test/LA_0010/LA_E_5267373.flac,real,asvspoof2019_la,none,none,na,na,na,na,LA_0010,16000,2.558,test,na
LA_E_9553950,data/asvspoof/test/LA_0011/LA_E_9553950.flac,real,asvspoof2019_la,none,none,na,na,na,na,LA_0011,16000,2.683,test,na
LA_E_8347876,data/asvspoof/test/LA_0011/LA_E_8347876.flac,real,asvspoof2019_la,none,none,na,na,na,na,LA_0011,16000,3.024,test,na
LA_E_5369873,data/asvspoof/test/LA_0012/LA_E_5369873.flac,real,asvspoof2019_la,none,none,na,na,na,na,LA_0012,16000,2.087,test,na
LA_E_1177031,data/asvspoof/test/LA_0012/LA_E_1177031.flac,real,asvspoof2019_la,none,none,na,na,na,na,LA_0012,16000,1.659,test,na
LA_E_2296362,data/asvspoof/test/LA_0012/LA_E_2296362.flac,real,asvspoof2019_la,none,none,na,na,na,na,LA_0012,16000,3.796,test,na
LA_E_9769305,data/asvspoof/test/LA_0012/LA_E_9769305.flac,real,asvspoof2019_la,none,none,na,na,na,na,LA_0012,16000,5.03,test,na
LA_E_5506628,data/asvspoof/test/LA_0013/LA_E_5506628.flac,real,asvspoof2019_la,none,none,na,na,na,na,LA_0013,16000,3.319,test,na
LA_E_3303674,data/asvspoof/test/LA_0013/LA_E_3303674.flac,real,asvspoof2019_la,none,none,na,na,na,na,LA_0013,16000,2.757,test,na
LA_E_8563758,data/asvspoof/test/LA_0014/LA_E_8563758.flac,real,asvspoof2019_la,none,none,na,na,na,na,LA_0014,16000,2.856,test,na
LA_E_4868247,data/asvspoof/test/LA_0014/LA_E_4868247.flac,real,asvspoof2019_la,none,none,na,na,na,na,LA_0014,16000,2.857,test,na
LA_E_8135416,data/asvspoof/test/LA_0014/LA_E_8135416.flac,real,asvspoof2019_la,none,none,na,na,na,na,LA_0014,16000,3.191,test,na
LA_E_2845462,data/asvspoof/test/LA_0014/LA_E_2845462.flac,real,asvspoof2019_la,none,none,na,na,na,na,LA_0014,16000,2.041,test,na
LA_E_2301244,data/asvspoof/test/LA_0015/LA_E_2301244.flac,real,asvspoof2019_la,none,none,na,na,na,na,LA_0015,16000,5.88,test,na
LA_E_4861467,data/asvspoof/test/LA_0015/LA_E_4861467.flac,real,asvspoof2019_la,none,none,na,na,na,na,LA_0015,16000,4.426,test,na
LA_E_4738131,data/asvspoof/test/LA_0016/LA_E_4738131.flac,real,asvspoof2019_la,none,none,na,na,na,na,LA_0016,16000,2.897,test,na
LA_E_8945666,data/asvspoof/test/LA_0016/LA_E_8945666.flac,real,asvspoof2019_la,none,none,na,na,na,na,LA_0016,16000,2.254,test,na
LA_E_1056200,data/asvspoof/test/LA_0016/LA_E_1056200.flac,real,asvspoof2019_la,none,none,na,na,na,na,LA_0016,16000,2.04,test,na
LA_E_4887012,data/asvspoof/test/LA_0016/LA_E_4887012.flac,real,asvspoof2019_la,none,none,na,na,na,na,LA_0016,16000,1.831,test,na
LA_E_6037005,data/asvspoof/test/LA_0017/LA_E_6037005.flac,real,asvspoof2019_la,none,none,na,na,na,na,LA_0017,16000,3.787,test,na
LA_E_3102565,data/asvspoof/test/LA_0017/LA_E_3102565.flac,real,asvspoof2019_la,none,none,na,na,na,na,LA_0017,16000,3.067,test,na
LA_E_9082189,data/asvspoof/test/LA_0017/LA_E_9082189.flac,real,asvspoof2019_la,none,none,na,na,na,na,LA_0017,16000,4.137,test,na
LA_E_2135071,data/asvspoof/test/LA_0017/LA_E_2135071.flac,real,asvspoof2019_la,none,none,na,na,na,na,LA_0017,16000,2.937,test,na
LA_E_7833085,data/asvspoof/test/LA_0018/LA_E_7833085.flac,real,asvspoof2019_la,none,none,na,na,na,na,LA_0018,16000,2.55,test,na
LA_E_4008479,data/asvspoof/test/LA_0018/LA_E_4008479.flac,real,asvspoof2019_la,none,none,na,na,na,na,LA_0018,16000,2.642,test,na
LA_E_2900914,data/asvspoof/test/LA_0019/LA_E_2900914.flac,real,asvspoof2019_la,none,none,na,na,na,na,LA_0019,16000,3.281,test,na
LA_E_1392652,data/asvspoof/test/LA_0019/LA_E_1392652.flac,real,asvspoof2019_la,none,none,na,na,na,na,LA_0019,16000,2.509,test,na
LA_E_7017025,data/asvspoof/test/LA_0019/LA_E_7017025.flac,real,asvspoof2019_la,none,none,na,na,na,na,LA_0019,16000,3.024,test,na
LA_E_5280127,data/asvspoof/test/LA_0019/LA_E_5280127.flac,real,asvspoof2019_la,none,none,na,na,na,na,LA_0019,16000,2.428,test,na
LA_E_8711637,data/asvspoof/test/LA_0020/LA_E_8711637.flac,real,asvspoof2019_la,none,none,na,na,na,na,LA_0020,16000,3.279,test,na
LA_E_1564490,data/asvspoof/test/LA_0020/LA_E_1564490.flac,real,asvspoof2019_la,none,none,na,na,na,na,LA_0020,16000,3.961,test,na
LA_E_9934853,data/asvspoof/test/LA_0020/LA_E_9934853.flac,real,asvspoof2019_la,none,none,na,na,na,na,LA_0020,16000,5.113,test,na
LA_E_3975772,data/asvspoof/test/LA_0020/LA_E_3975772.flac,real,asvspoof2019_la,none,none,na,na,na,na,LA_0020,16000,3.873,test,na
LA_E_3283004,data/asvspoof/test/LA_0021/LA_E_3283004.flac,real,asvspoof2019_la,none,none,na,na,na,na,LA_0021,16000,3.279,test,na
LA_E_5651802,data/asvspoof/test/LA_0021/LA_E_5651802.flac,real,asvspoof2019_la,none,none,na,na,na,na,LA_0021,16000,2.56,test,na
LA_E_5380898,data/asvspoof/test/LA_0022/LA_E_5380898.flac,real,asvspoof2019_la,none,none,na,na,na,na,LA_0022,16000,6.1,test,na
LA_E_7913626,data/asvspoof/test/LA_0022/LA_E_7913626.flac,real,asvspoof2019_la,none,none,na,na,na,na,LA_0022,16000,3.841,test,na
LA_E_3406513,data/asvspoof/test/LA_0022/LA_E_3406513.flac,real,asvspoof2019_la,none,none,na,na,na,na,LA_0022,16000,5.031,test,na
LA_E_7352998,data/asvspoof/test/LA_0022/LA_E_7352998.flac,real,asvspoof2019_la,none,none,na,na,na,na,LA_0022,16000,5.5,test,na
LA_E_5171892,data/asvspoof/test/LA_0023/LA_E_5171892.flac,real,asvspoof2019_la,none,none,na,na,na,na,LA_0023,16000,1.787,test,na
LA_E_3231617,data/asvspoof/test/LA_0023/LA_E_3231617.flac,real,asvspoof2019_la,none,none,na,na,na,na,LA_0023,16000,2.982,test,na
LA_E_8626389,data/asvspoof/test/LA_0024/LA_E_8626389.flac,real,asvspoof2019_la,none,none,na,na,na,na,LA_0024,16000,4.951,test,na
LA_E_2462935,data/asvspoof/test/LA_0024/LA_E_2462935.flac,real,asvspoof2019_la,none,none,na,na,na,na,LA_0024,16000,3.327,test,na
LA_E_4767145,data/asvspoof/test/LA_0024/LA_E_4767145.flac,real,asvspoof2019_la,none,none,na,na,na,na,LA_0024,16000,3.705,test,na
LA_E_8764798,data/asvspoof/test/LA_0024/LA_E_8764798.flac,real,asvspoof2019_la,none,none,na,na,na,na,LA_0024,16000,3.576,test,na
LA_E_6515051,data/asvspoof/test/LA_0025/LA_E_6515051.flac,real,asvspoof2019_la,none,none,na,na,na,na,LA_0025,16000,4.687,test,na
LA_E_5091845,data/asvspoof/test/LA_0025/LA_E_5091845.flac,real,asvspoof2019_la,none,none,na,na,na,na,LA_0025,16000,4.091,test,na
LA_E_6380031,data/asvspoof/test/LA_0026/LA_E_6380031.flac,real,asvspoof2019_la,none,none,na,na,na,na,LA_0026,16000,3.149,test,na
LA_E_1804143,data/asvspoof/test/LA_0026/LA_E_1804143.flac,real,asvspoof2019_la,none,none,na,na,na,na,LA_0026,16000,4.815,test,na
LA_E_4560400,data/asvspoof/test/LA_0026/LA_E_4560400.flac,real,asvspoof2019_la,none,none,na,na,na,na,LA_0026,16000,3.835,test,na
LA_E_4054306,data/asvspoof/test/LA_0026/LA_E_4054306.flac,real,asvspoof2019_la,none,none,na,na,na,na,LA_0026,16000,2.727,test,na
LA_E_5327849,data/asvspoof/test/LA_0027/LA_E_5327849.flac,real,asvspoof2019_la,none,none,na,na,na,na,LA_0027,16000,3.877,test,na
LA_E_9906132,data/asvspoof/test/LA_0027/LA_E_9906132.flac,real,asvspoof2019_la,none,none,na,na,na,na,LA_0027,16000,3.629,test,na
LA_E_1917255,data/asvspoof/test/LA_0027/LA_E_1917255.flac,real,asvspoof2019_la,none,none,na,na,na,na,LA_0027,16000,2.899,test,na
LA_E_7004519,data/asvspoof/test/LA_0027/LA_E_7004519.flac,real,asvspoof2019_la,none,none,na,na,na,na,LA_0027,16000,3.106,test,na
LA_E_8444573,data/asvspoof/test/LA_0028/LA_E_8444573.flac,real,asvspoof2019_la,none,none,na,na,na,na,LA_0028,16000,3.369,test,na
LA_E_6134868,data/asvspoof/test/LA_0028/LA_E_6134868.flac,real,asvspoof2019_la,none,none,na,na,na,na,LA_0028,16000,2.514,test,na
LA_E_7543874,data/asvspoof/test/LA_0029/LA_E_7543874.flac,real,asvspoof2019_la,none,none,na,na,na,na,LA_0029,16000,3.708,test,na
LA_E_7290282,data/asvspoof/test/LA_0029/LA_E_7290282.flac,real,asvspoof2019_la,none,none,na,na,na,na,LA_0029,16000,3.151,test,na
LA_E_1441284,data/asvspoof/test/LA_0029/LA_E_1441284.flac,real,asvspoof2019_la,none,none,na,na,na,na,LA_0029,16000,2.978,test,na
LA_E_1815191,data/asvspoof/test/LA_0029/LA_E_1815191.flac,real,asvspoof2019_la,none,none,na,na,na,na,LA_0029,16000,3.625,test,na
LA_E_9138143,data/asvspoof/test/LA_0030/LA_E_9138143.flac,real,asvspoof2019_la,none,none,na,na,na,na,LA_0030,16000,4.735,test,na
LA_E_3486569,data/asvspoof/test/LA_0030/LA_E_3486569.flac,real,asvspoof2019_la,none,none,na,na,na,na,LA_0030,16000,3.279,test,na
LA_E_8832325,data/asvspoof/test/LA_0031/LA_E_8832325.flac,real,asvspoof2019_la,none,none,na,na,na,na,LA_0031,16000,3.074,test,na
LA_E_2144572,data/asvspoof/test/LA_0031/LA_E_2144572.flac,real,asvspoof2019_la,none,none,na,na,na,na,LA_0031,16000,3.966,test,na
LA_E_5075675,data/asvspoof/test/LA_0031/LA_E_5075675.flac,real,asvspoof2019_la,none,none,na,na,na,na,LA_0031,16000,1.879,test,na
LA_E_3590990,data/asvspoof/test/LA_0031/LA_E_3590990.flac,real,asvspoof2019_la,none,none,na,na,na,na,LA_0031,16000,3.369,test,na
LA_E_6758527,data/asvspoof/test/LA_0032/LA_E_6758527.flac,real,asvspoof2019_la,none,none,na,na,na,na,LA_0032,16000,6.441,test,na
LA_E_2952558,data/asvspoof/test/LA_0032/LA_E_2952558.flac,real,asvspoof2019_la,none,none,na,na,na,na,LA_0032,16000,4.267,test,na
LA_E_3534890,data/asvspoof/test/LA_0033/LA_E_3534890.flac,real,asvspoof2019_la,none,none,na,na,na,na,LA_0033,16000,2.214,test,na
LA_E_6961006,data/asvspoof/test/LA_0033/LA_E_6961006.flac,real,asvspoof2019_la,none,none,na,na,na,na,LA_0033,16000,2.767,test,na
LA_E_2026661,data/asvspoof/test/LA_0033/LA_E_2026661.flac,real,asvspoof2019_la,none,none,na,na,na,na,LA_0033,16000,5.46,test,na
LA_E_3568970,data/asvspoof/test/LA_0033/LA_E_3568970.flac,real,asvspoof2019_la,none,none,na,na,na,na,LA_0033,16000,2.601,test,na
LA_E_1783411,data/asvspoof/test/LA_0034/LA_E_1783411.flac,real,asvspoof2019_la,none,none,na,na,na,na,LA_0034,16000,3.371,test,na
LA_E_9501461,data/asvspoof/test/LA_0034/LA_E_9501461.flac,real,asvspoof2019_la,none,none,na,na,na,na,LA_0034,16000,4.478,test,na
LA_E_6465809,data/asvspoof/test/LA_0034/LA_E_6465809.flac,real,asvspoof2019_la,none,none,na,na,na,na,LA_0034,16000,4.348,test,na
LA_E_8219414,data/asvspoof/test/LA_0034/LA_E_8219414.flac,real,asvspoof2019_la,none,none,na,na,na,na,LA_0034,16000,3.154,test,na
LA_E_6057217,data/asvspoof/test/LA_0035/LA_E_6057217.flac,real,asvspoof2019_la,none,none,na,na,na,na,LA_0035,16000,3.411,test,na
LA_E_9685531,data/asvspoof/test/LA_0035/LA_E_9685531.flac,real,asvspoof2019_la,none,none,na,na,na,na,LA_0035,16000,4.389,test,na
LA_E_5239519,data/asvspoof/test/LA_0035/LA_E_5239519.flac,real,asvspoof2019_la,none,none,na,na,na,na,LA_0035,16000,3.107,test,na
LA_E_1319921,data/asvspoof/test/LA_0035/LA_E_1319921.flac,real,asvspoof2019_la,none,none,na,na,na,na,LA_0035,16000,3.403,test,na
LA_E_4916170,data/asvspoof/test/LA_0036/LA_E_4916170.flac,real,asvspoof2019_la,none,none,na,na,na,na,LA_0036,16000,3.832,test,na
LA_E_8554579,data/asvspoof/test/LA_0036/LA_E_8554579.flac,real,asvspoof2019_la,none,none,na,na,na,na,LA_0036,16000,3.366,test,na
LA_E_4310858,data/asvspoof/test/LA_0037/LA_E_4310858.flac,real,asvspoof2019_la,none,none,na,na,na,na,LA_0037,16000,3.622,test,na
LA_E_5303704,data/asvspoof/test/LA_0037/LA_E_5303704.flac,real,asvspoof2019_la,none,none,na,na,na,na,LA_0037,16000,2.815,test,na
LA_E_6006583,data/asvspoof/test/LA_0037/LA_E_6006583.flac,real,asvspoof2019_la,none,none,na,na,na,na,LA_0037,16000,2.981,test,na
LA_E_8218457,data/asvspoof/test/LA_0037/LA_E_8218457.flac,real,asvspoof2019_la,none,none,na,na,na,na,LA_0037,16000,3.158,test,na
LA_E_4471017,data/asvspoof/test/LA_0038/LA_E_4471017.flac,real,asvspoof2019_la,none,none,na,na,na,na,LA_0038,16000,6.779,test,na
LA_E_7539391,data/asvspoof/test/LA_0038/LA_E_7539391.flac,real,asvspoof2019_la,none,none,na,na,na,na,LA_0038,16000,4.944,test,na
LA_E_6863548,data/asvspoof/test/LA_0039/LA_E_6863548.flac,real,asvspoof2019_la,none,none,na,na,na,na,LA_0039,16000,3.791,test,na
LA_E_9291955,data/asvspoof/test/LA_0039/LA_E_9291955.flac,real,asvspoof2019_la,none,none,na,na,na,na,LA_0039,16000,2.507,test,na
LA_E_7075719,data/asvspoof/test/LA_0039/LA_E_7075719.flac,real,asvspoof2019_la,none,none,na,na,na,na,LA_0039,16000,3.321,test,na
LA_E_1005795,data/asvspoof/test/LA_0039/LA_E_1005795.flac,real,asvspoof2019_la,none,none,na,na,na,na,LA_0039,16000,3.541,test,na
LA_E_2288295,data/asvspoof/test/LA_0040/LA_E_2288295.flac,real,asvspoof2019_la,none,none,na,na,na,na,LA_0040,16000,4.776,test,na
LA_E_7484191,data/asvspoof/test/LA_0040/LA_E_7484191.flac,real,asvspoof2019_la,none,none,na,na,na,na,LA_0040,16000,2.898,test,na
LA_E_2670831,data/asvspoof/test/LA_0041/LA_E_2670831.flac,real,asvspoof2019_la,none,none,na,na,na,na,LA_0041,16000,1.833,test,na
LA_E_2394889,data/asvspoof/test/LA_0041/LA_E_2394889.flac,real,asvspoof2019_la,none,none,na,na,na,na,LA_0041,16000,3.622,test,na
LA_E_6754209,data/asvspoof/test/LA_0041/LA_E_6754209.flac,real,asvspoof2019_la,none,none,na,na,na,na,LA_0041,16000,3.708,test,na
LA_E_6958235,data/asvspoof/test/LA_0041/LA_E_6958235.flac,real,asvspoof2019_la,none,none,na,na,na,na,LA_0041,16000,1.657,test,na
LA_E_1299659,data/asvspoof/test/LA_0042/LA_E_1299659.flac,real,asvspoof2019_la,none,none,na,na,na,na,LA_0042,16000,2.769,test,na
LA_E_2801699,data/asvspoof/test/LA_0042/LA_E_2801699.flac,real,asvspoof2019_la,none,none,na,na,na,na,LA_0042,16000,3.237,test,na
LA_E_6482354,data/asvspoof/test/LA_0042/LA_E_6482354.flac,real,asvspoof2019_la,none,none,na,na,na,na,LA_0042,16000,2.645,test,na
LA_E_7622296,data/asvspoof/test/LA_0042/LA_E_7622296.flac,real,asvspoof2019_la,none,none,na,na,na,na,LA_0042,16000,2.769,test,na
LA_E_4150719,data/asvspoof/test/LA_0043/LA_E_4150719.flac,real,asvspoof2019_la,none,none,na,na,na,na,LA_0043,16000,2.684,test,na
LA_E_3806263,data/asvspoof/test/LA_0043/LA_E_3806263.flac,real,asvspoof2019_la,none,none,na,na,na,na,LA_0043,16000,2.933,test,na
LA_E_8410941,data/asvspoof/test/LA_0043/LA_E_8410941.flac,real,asvspoof2019_la,none,none,na,na,na,na,LA_0043,16000,3.666,test,na
LA_E_7682962,data/asvspoof/test/LA_0043/LA_E_7682962.flac,real,asvspoof2019_la,none,none,na,na,na,na,LA_0043,16000,3.365,test,na
LA_E_5167923,data/asvspoof/test/LA_0044/LA_E_5167923.flac,real,asvspoof2019_la,none,none,na,na,na,na,LA_0044,16000,3.323,test,na
LA_E_5156636,data/asvspoof/test/LA_0044/LA_E_5156636.flac,real,asvspoof2019_la,none,none,na,na,na,na,LA_0044,16000,3.195,test,na
LA_E_9739458,data/asvspoof/test/LA_0045/LA_E_9739458.flac,real,asvspoof2019_la,none,none,na,na,na,na,LA_0045,16000,3.623,test,na
LA_E_3727595,data/asvspoof/test/LA_0045/LA_E_3727595.flac,real,asvspoof2019_la,none,none,na,na,na,na,LA_0045,16000,3.366,test,na
LA_E_6706975,data/asvspoof/test/LA_0045/LA_E_6706975.flac,real,asvspoof2019_la,none,none,na,na,na,na,LA_0045,16000,3.321,test,na
LA_E_7282079,data/asvspoof/test/LA_0045/LA_E_7282079.flac,real,asvspoof2019_la,none,none,na,na,na,na,LA_0045,16000,3.156,test,na
LA_E_9505288,data/asvspoof/test/LA_0046/LA_E_9505288.flac,real,asvspoof2019_la,none,none,na,na,na,na,LA_0046,16000,4.131,test,na
LA_E_5450657,data/asvspoof/test/LA_0046/LA_E_5450657.flac,real,asvspoof2019_la,none,none,na,na,na,na,LA_0046,16000,3.196,test,na
LA_E_7897801,data/asvspoof/test/LA_0047/LA_E_7897801.flac,real,asvspoof2019_la,none,none,na,na,na,na,LA_0047,16000,2.811,test,na
LA_E_1017049,data/asvspoof/test/LA_0047/LA_E_1017049.flac,real,asvspoof2019_la,none,none,na,na,na,na,LA_0047,16000,3.495,test,na
LA_E_2921332,data/asvspoof/test/LA_0047/LA_E_2921332.flac,real,asvspoof2019_la,none,none,na,na,na,na,LA_0047,16000,4.431,test,na
LA_E_6222625,data/asvspoof/test/LA_0047/LA_E_6222625.flac,real,asvspoof2019_la,none,none,na,na,na,na,LA_0047,16000,3.574,test,na
LA_E_7318100,data/asvspoof/test/LA_0048/LA_E_7318100.flac,real,asvspoof2019_la,none,none,na,na,na,na,LA_0048,16000,4.136,test,na
LA_E_9687809,data/asvspoof/test/LA_0048/LA_E_9687809.flac,real,asvspoof2019_la,none,none,na,na,na,na,LA_0048,16000,5.027,test,na
LA_E_2987280,data/asvspoof/test/LA_0049/LA_E_2987280.flac,real,asvspoof2019_la,none,none,na,na,na,na,LA_0049,16000,3.024,test,na
LA_E_9954768,data/asvspoof/test/LA_0049/LA_E_9954768.flac,real,asvspoof2019_la,none,none,na,na,na,na,LA_0049,16000,2.94,test,na
LA_E_7563039,data/asvspoof/test/LA_0049/LA_E_7563039.flac,real,asvspoof2019_la,none,none,na,na,na,na,LA_0049,16000,2.942,test,na
LA_E_4845413,data/asvspoof/test/LA_0050/LA_E_4845413.flac,real,asvspoof2019_la,none,none,na,na,na,na,LA_0050,16000,4.054,test,na
LA_E_5269639,data/asvspoof/test/LA_0050/LA_E_5269639.flac,real,asvspoof2019_la,none,none,na,na,na,na,LA_0050,16000,3.751,test,na
LA_E_7277286,data/asvspoof/test/LA_0050/LA_E_7277286.flac,real,asvspoof2019_la,none,none,na,na,na,na,LA_0050,16000,3.246,test,na
LA_E_6740771,data/asvspoof/test/LA_0051/LA_E_6740771.flac,real,asvspoof2019_la,none,none,na,na,na,na,LA_0051,16000,4.69,test,na
LA_E_3997720,data/asvspoof/test/LA_0051/LA_E_3997720.flac,real,asvspoof2019_la,none,none,na,na,na,na,LA_0051,16000,2.088,test,na
LA_E_6237402,data/asvspoof/test/LA_0051/LA_E_6237402.flac,real,asvspoof2019_la,none,none,na,na,na,na,LA_0051,16000,4.047,test,na
LA_E_1696904,data/asvspoof/test/LA_0052/LA_E_1696904.flac,real,asvspoof2019_la,none,none,na,na,na,na,LA_0052,16000,3.883,test,na
LA_E_7769419,data/asvspoof/test/LA_0052/LA_E_7769419.flac,real,asvspoof2019_la,none,none,na,na,na,na,LA_0052,16000,3.918,test,na
LA_E_2061550,data/asvspoof/test/LA_0052/LA_E_2061550.flac,real,asvspoof2019_la,none,none,na,na,na,na,LA_0052,16000,3.582,test,na
LA_E_5645003,data/asvspoof/test/LA_0053/LA_E_5645003.flac,real,asvspoof2019_la,none,none,na,na,na,na,LA_0053,16000,2.726,test,na
LA_E_9722693,data/asvspoof/test/LA_0053/LA_E_9722693.flac,real,asvspoof2019_la,none,none,na,na,na,na,LA_0053,16000,3.88,test,na
LA_E_4723892,data/asvspoof/test/LA_0053/LA_E_4723892.flac,real,asvspoof2019_la,none,none,na,na,na,na,LA_0053,16000,2.849,test,na
LA_E_7264581,data/asvspoof/test/LA_0054/LA_E_7264581.flac,real,asvspoof2019_la,none,none,na,na,na,na,LA_0054,16000,2.855,test,na
LA_E_4359358,data/asvspoof/test/LA_0054/LA_E_4359358.flac,real,asvspoof2019_la,none,none,na,na,na,na,LA_0054,16000,2.217,test,na
LA_E_2239510,data/asvspoof/test/LA_0054/LA_E_2239510.flac,real,asvspoof2019_la,none,none,na,na,na,na,LA_0054,16000,3.029,test,na
LA_E_1092011,data/asvspoof/test/LA_0055/LA_E_1092011.flac,real,asvspoof2019_la,none,none,na,na,na,na,LA_0055,16000,4.859,test,na
LA_E_7602365,data/asvspoof/test/LA_0055/LA_E_7602365.flac,real,asvspoof2019_la,none,none,na,na,na,na,LA_0055,16000,4.779,test,na
LA_E_4850441,data/asvspoof/test/LA_0055/LA_E_4850441.flac,real,asvspoof2019_la,none,none,na,na,na,na,LA_0055,16000,2.557,test,na
LA_E_5356954,data/asvspoof/test/LA_0056/LA_E_5356954.flac,real,asvspoof2019_la,none,none,na,na,na,na,LA_0056,16000,3.234,test,na
LA_E_8687725,data/asvspoof/test/LA_0056/LA_E_8687725.flac,real,asvspoof2019_la,none,none,na,na,na,na,LA_0056,16000,2.468,test,na
LA_E_1253524,data/asvspoof/test/LA_0056/LA_E_1253524.flac,real,asvspoof2019_la,none,none,na,na,na,na,LA_0056,16000,2.683,test,na
LA_E_5731886,data/asvspoof/test/LA_0057/LA_E_5731886.flac,real,asvspoof2019_la,none,none,na,na,na,na,LA_0057,16000,2.515,test,na
LA_E_7304633,data/asvspoof/test/LA_0057/LA_E_7304633.flac,real,asvspoof2019_la,none,none,na,na,na,na,LA_0057,16000,2.049,test,na
LA_E_8462873,data/asvspoof/test/LA_0057/LA_E_8462873.flac,real,asvspoof2019_la,none,none,na,na,na,na,LA_0057,16000,1.962,test,na
LA_E_2366626,data/asvspoof/test/LA_0058/LA_E_2366626.flac,real,asvspoof2019_la,none,none,na,na,na,na,LA_0058,16000,2.47,test,na
LA_E_2362333,data/asvspoof/test/LA_0058/LA_E_2362333.flac,real,asvspoof2019_la,none,none,na,na,na,na,LA_0058,16000,2.982,test,na
LA_E_6679260,data/asvspoof/test/LA_0058/LA_E_6679260.flac,real,asvspoof2019_la,none,none,na,na,na,na,LA_0058,16000,3.365,test,na
LA_E_7437876,data/asvspoof/test/LA_0059/LA_E_7437876.flac,real,asvspoof2019_la,none,none,na,na,na,na,LA_0059,16000,4.008,test,na
LA_E_7605406,data/asvspoof/test/LA_0059/LA_E_7605406.flac,real,asvspoof2019_la,none,none,na,na,na,na,LA_0059,16000,3.837,test,na
LA_E_5397934,data/asvspoof/test/LA_0059/LA_E_5397934.flac,real,asvspoof2019_la,none,none,na,na,na,na,LA_0059,16000,4.218,test,na
LA_E_4001999,data/asvspoof/test/LA_0060/LA_E_4001999.flac,real,asvspoof2019_la,none,none,na,na,na,na,LA_0060,16000,2.772,test,na
LA_E_5033229,data/asvspoof/test/LA_0060/LA_E_5033229.flac,real,asvspoof2019_la,none,none,na,na,na,na,LA_0060,16000,3.412,test,na
LA_E_5163080,data/asvspoof/test/LA_0060/LA_E_5163080.flac,real,asvspoof2019_la,none,none,na,na,na,na,LA_0060,16000,3.066,test,na
LA_E_6373923,data/asvspoof/test/LA_0061/LA_E_6373923.flac,real,asvspoof2019_la,none,none,na,na,na,na,LA_0061,16000,2.128,test,na
LA_E_3105878,data/asvspoof/test/LA_0061/LA_E_3105878.flac,real,asvspoof2019_la,none,none,na,na,na,na,LA_0061,16000,2.389,test,na
LA_E_9377307,data/asvspoof/test/LA_0061/LA_E_9377307.flac,real,asvspoof2019_la,none,none,na,na,na,na,LA_0061,16000,2.728,test,na
LA_E_6217699,data/asvspoof/test/LA_0063/LA_E_6217699.flac,real,asvspoof2019_la,none,none,na,na,na,na,LA_0063,16000,2.474,test,na
LA_E_3902702,data/asvspoof/test/LA_0063/LA_E_3902702.flac,real,asvspoof2019_la,none,none,na,na,na,na,LA_0063,16000,3.404,test,na
LA_E_1439904,data/asvspoof/test/LA_0063/LA_E_1439904.flac,real,asvspoof2019_la,none,none,na,na,na,na,LA_0063,16000,3.535,test,na
LA_E_9757127,data/asvspoof/test/LA_0064/LA_E_9757127.flac,real,asvspoof2019_la,none,none,na,na,na,na,LA_0064,16000,3.41,test,na
LA_E_2165709,data/asvspoof/test/LA_0064/LA_E_2165709.flac,real,asvspoof2019_la,none,none,na,na,na,na,LA_0064,16000,2.553,test,na
LA_E_9223764,data/asvspoof/test/LA_0064/LA_E_9223764.flac,real,asvspoof2019_la,none,none,na,na,na,na,LA_0064,16000,2.596,test,na
LA_E_3088318,data/asvspoof/test/LA_0065/LA_E_3088318.flac,real,asvspoof2019_la,none,none,na,na,na,na,LA_0065,16000,2.769,test,na
LA_E_7603920,data/asvspoof/test/LA_0065/LA_E_7603920.flac,real,asvspoof2019_la,none,none,na,na,na,na,LA_0065,16000,2.894,test,na
LA_E_8151959,data/asvspoof/test/LA_0065/LA_E_8151959.flac,real,asvspoof2019_la,none,none,na,na,na,na,LA_0065,16000,3.834,test,na
LA_E_4537790,data/asvspoof/test/LA_0066/LA_E_4537790.flac,real,asvspoof2019_la,none,none,na,na,na,na,LA_0066,16000,6.104,test,na
LA_E_7482442,data/asvspoof/test/LA_0066/LA_E_7482442.flac,real,asvspoof2019_la,none,none,na,na,na,na,LA_0066,16000,6.527,test,na
