audio_path,label,source,clone_model,attack_type,text,speaker_id,duration,sample_rate,split,utt_id,spk
data/fake_signalproc/formant/2078-142845-0000.wav,fake,signalproc,none,formant,KIRKLEATHAM YEAST,2078,2.195,16000,test,2078-142845-0000_formant,2078
data/fake_signalproc/melvoc/2078-142845-0000.wav,fake,signalproc,none,melvoc,KIRKLEATHAM YEAST,2078,2.192,16000,test,2078-142845-0000_melvoc,2078
data/fake_signalproc/pitch/2078-142845-0000.wav,fake,signalproc,none,pitch,KIRKLEATHAM YEAST,2078,2.195,16000,test,2078-142845-0000_pitch,2078
data/fake_signalproc/formant/2078-142845-0001.wav,fake,signalproc,none,formant,SEVENTEEN SEVENTEEN,2078,2.135,16000,test,2078-142845-0001_formant,2078
data/fake_signalproc/melvoc/2078-142845-0001.wav,fake,signalproc,none,melvoc,SEVENTEEN SEVENTEEN,2078,2.128,16000,test,2078-142845-0001_melvoc,2078
data/fake_signalproc/pitch/2078-142845-0001.wav,fake,signalproc,none,pitch,SEVENTEEN SEVENTEEN,2078,2.135,16000,test,2078-142845-0001_pitch,2078
data/fake_signalproc/formant/2078-142845-0002.wav,fake,signalproc,none,formant,TO MAKE GOOD HOME MADE BREAD,2078,2.915,16000,test,2078-142845-0002_formant,2078
data/fake_signalproc/melvoc/2078-142845-0002.wav,fake,signalproc,none,melvoc,TO MAKE GOOD HOME MADE BREAD,2078,2.912,16000,test,2078-142845-0002_melvoc,2078
data/fake_signalproc/pitch/2078-142845-0002.wav,fake,signalproc,none,pitch,TO MAKE GOOD HOME MADE BREAD,2078,2.915,16000,test,2078-142845-0002_pitch,2078
data/fake_signalproc/formant/2078-142845-0003.wav,fake,signalproc,none,formant,SEVENTEEN EIGHTEEN,2078,2.075,16000,test,2078-142845-0003_formant,2078
data/fake_signalproc/melvoc/2078-142845-0003.wav,fake,signalproc,none,melvoc,SEVENTEEN EIGHTEEN,2078,2.072,16000,test,2078-142845-0003_melvoc,2078
data/fake_signalproc/pitch/2078-142845-0003.wav,fake,signalproc,none,pitch,SEVENTEEN EIGHTEEN,2078,2.075,16000,test,2078-142845-0003_pitch,2078
data/fake_signalproc/formant/2078-142845-0004.wav,fake,signalproc,none,formant,MODE PUT THE FLOUR INTO A LARGE EARTHENWARE BOWL OR DEEP PAN THEN WITH A STRONG METAL OR WOODEN SPOON HOLLOW OUT THE MIDDLE BUT DO NOT CLEAR IT ENTIRELY AWAY FROM THE BOTTOM OF THE PAN AS IN THAT CASE THE SPONGE OR LEAVEN AS IT WAS FORMERLY TERMED WOULD STICK TO IT WHICH IT OUGHT NOT TO DO,2078,23.175,16000,test,2078-142845-0004_formant,2078
data/fake_signalproc/melvoc/2078-142845-0004.wav,fake,signalproc,none,melvoc,MODE PUT THE FLOUR INTO A LARGE EARTHENWARE BOWL OR DEEP PAN THEN WITH A STRONG METAL OR WOODEN SPOON HOLLOW OUT THE MIDDLE BUT DO NOT CLEAR IT ENTIRELY AWAY FROM THE BOTTOM OF THE PAN AS IN THAT CASE THE SPONGE OR LEAVEN AS IT WAS FORMERLY TERMED WOULD STICK TO IT WHICH IT OUGHT NOT TO DO,2078,23.168,16000,test,2078-142845-0004_melvoc,2078
data/fake_signalproc/pitch/2078-142845-0004.wav,fake,signalproc,none,pitch,MODE PUT THE FLOUR INTO A LARGE EARTHENWARE BOWL OR DEEP PAN THEN WITH A STRONG METAL OR WOODEN SPOON HOLLOW OUT THE MIDDLE BUT DO NOT CLEAR IT ENTIRELY AWAY FROM THE BOTTOM OF THE PAN AS IN THAT CASE THE SPONGE OR LEAVEN AS IT WAS FORMERLY TERMED WOULD STICK TO IT WHICH IT OUGHT NOT TO DO,2078,23.175,16000,test,2078-142845-0004_pitch,2078
data/fake_signalproc/formant/2078-142845-0005.wav,fake,signalproc,none,formant,NEXT TAKE EITHER A LARGE TABLESPOONFUL OF BREWER'S YEAST WHICH HAS BEEN RENDERED SOLID BY MIXING IT WITH PLENTY OF COLD WATER AND LETTING IT AFTERWARDS STAND TO SETTLE FOR A DAY AND NIGHT OR NEARLY AN OUNCE OF GERMAN YEAST PUT IT INTO A LARGE BASIN AND PROCEED TO MIX IT SO THAT IT SHALL BE AS SMOOTH AS CREAM WITH THREE QUARTERS PINT OF WARM MILK AND WATER OR WITH WATER ONLY THOUGH EVEN A VERY LITTLE MILK WILL MUCH IMPROVE THE BREAD,2078,31.375,16000,test,2078-142845-0005_formant,2078
data/fake_signalproc/melvoc/2078-142845-0005.wav,fake,signalproc,none,melvoc,NEXT TAKE EITHER A LARGE TABLESPOONFUL OF BREWER'S YEAST WHICH HAS BEEN RENDERED SOLID BY MIXING IT WITH PLENTY OF COLD WATER AND LETTING IT AFTERWARDS STAND TO SETTLE FOR A DAY AND NIGHT OR NEARLY AN OUNCE OF GERMAN YEAST PUT IT INTO A LARGE BASIN AND PROCEED TO MIX IT SO THAT IT SHALL BE AS SMOOTH AS CREAM WITH THREE QUARTERS PINT OF WARM MILK AND WATER OR WITH WATER ONLY THOUGH EVEN A VERY LITTLE MILK WILL MUCH IMPROVE THE BREAD,2078,31.368,16000,test,2078-142845-0005_melvoc,2078
data/fake_signalproc/pitch/2078-142845-0005.wav,fake,signalproc,none,pitch,NEXT TAKE EITHER A LARGE TABLESPOONFUL OF BREWER'S YEAST WHICH HAS BEEN RENDERED SOLID BY MIXING IT WITH PLENTY OF COLD WATER AND LETTING IT AFTERWARDS STAND TO SETTLE FOR A DAY AND NIGHT OR NEARLY AN OUNCE OF GERMAN YEAST PUT IT INTO A LARGE BASIN AND PROCEED TO MIX IT SO THAT IT SHALL BE AS SMOOTH AS CREAM WITH THREE QUARTERS PINT OF WARM MILK AND WATER OR WITH WATER ONLY THOUGH EVEN A VERY LITTLE MILK WILL MUCH IMPROVE THE BREAD,2078,31.375,16000,test,2078-142845-0005_pitch,2078
data/fake_signalproc/formant/2078-142845-0006.wav,fake,signalproc,none,formant,LOOK AT IT FROM TIME TO TIME WHEN IT HAS BEEN LAID FOR NEARLY AN HOUR AND WHEN THE YEAST HAS RISEN AND BROKEN THROUGH THE FLOUR SO THAT BUBBLES APPEAR IN IT YOU WILL KNOW THAT IT IS READY TO BE MADE UP INTO DOUGH,2078,14.645,16000,test,2078-142845-0006_formant,2078
data/fake_signalproc/melvoc/2078-142845-0006.wav,fake,signalproc,none,melvoc,LOOK AT IT FROM TIME TO TIME WHEN IT HAS BEEN LAID FOR NEARLY AN HOUR AND WHEN THE YEAST HAS RISEN AND BROKEN THROUGH THE FLOUR SO THAT BUBBLES APPEAR IN IT YOU WILL KNOW THAT IT IS READY TO BE MADE UP INTO DOUGH,2078,14.64,16000,test,2078-142845-0006_melvoc,2078
data/fake_signalproc/pitch/2078-142845-0006.wav,fake,signalproc,none,pitch,LOOK AT IT FROM TIME TO TIME WHEN IT HAS BEEN LAID FOR NEARLY AN HOUR AND WHEN THE YEAST HAS RISEN AND BROKEN THROUGH THE FLOUR SO THAT BUBBLES APPEAR IN IT YOU WILL KNOW THAT IT IS READY TO BE MADE UP INTO DOUGH,2078,14.645,16000,test,2078-142845-0006_pitch,2078
data/fake_signalproc/formant/2078-142845-0007.wav,fake,signalproc,none,formant,THEN PLACE THE PAN ON A STRONG CHAIR OR DRESSER OR TABLE OF CONVENIENT HEIGHT POUR INTO THE SPONGE THE REMAINDER OF THE WARM MILK AND WATER STIR INTO IT AS MUCH OF THE FLOUR AS YOU CAN WITH THE SPOON THEN WIPE IT OUT CLEAN WITH YOUR FINGERS AND LAY IT ASIDE,2078,20.74,16000,test,2078-142845-0007_formant,2078
data/fake_signalproc/melvoc/2078-142845-0007.wav,fake,signalproc,none,melvoc,THEN PLACE THE PAN ON A STRONG CHAIR OR DRESSER OR TABLE OF CONVENIENT HEIGHT POUR INTO THE SPONGE THE REMAINDER OF THE WARM MILK AND WATER STIR INTO IT AS MUCH OF THE FLOUR AS YOU CAN WITH THE SPOON THEN WIPE IT OUT CLEAN WITH YOUR FINGERS AND LAY IT ASIDE,2078,20.736,16000,test,2078-142845-0007_melvoc,2078
data/fake_signalproc/pitch/2078-142845-0007.wav,fake,signalproc,none,pitch,THEN PLACE THE PAN ON A STRONG CHAIR OR DRESSER OR TABLE OF CONVENIENT HEIGHT POUR INTO THE SPONGE THE REMAINDER OF THE WARM MILK AND WATER STIR INTO IT AS MUCH OF THE FLOUR AS YOU CAN WITH THE SPOON THEN WIPE IT OUT CLEAN WITH YOUR FINGERS AND LAY IT ASIDE,2078,20.74,16000,test,2078-142845-0007_pitch,2078
data/fake_signalproc/formant/2078-142845-0008.wav,fake,signalproc,none,formant,TURN IT THEN ON TO A PASTE BOARD OR VERY CLEAN DRESSER AND WITH A LARGE SHARP KNIFE DIVIDE IT IN TWO MAKE IT UP QUICKLY INTO LOAVES AND DISPATCH IT TO THE OVEN MAKE ONE OR TWO INCISIONS ACROSS THE TOPS OF THE LOAVES AS THEY WILL RISE MORE EASILY IF THIS BE DONE,2078,19.38,16000,test,2078-142845-0008_formant,2078
data/fake_signalproc/formant/2086-149214-0000.wav,fake,signalproc,none,formant,THE NARRATIVE IT MAY BE IS WOVEN OF SO HUMBLE A TEXTURE AS TO REQUIRE THIS ADVANTAGE AND AT THE SAME TIME TO RENDER IT THE MORE DIFFICULT OF ATTAINMENT,2086,9.81,16000,test,2086-149214-0000_formant,2086
data/fake_signalproc/melvoc/2086-149214-0000.wav,fake,signalproc,none,melvoc,THE NARRATIVE IT MAY BE IS WOVEN OF SO HUMBLE A TEXTURE AS TO REQUIRE THIS ADVANTAGE AND AT THE SAME TIME TO RENDER IT THE MORE DIFFICULT OF ATTAINMENT,2086,9.808,16000,test,2086-149214-0000_melvoc,2086
data/fake_signalproc/pitch/2086-149214-0000.wav,fake,signalproc,none,pitch,THE NARRATIVE IT MAY BE IS WOVEN OF SO HUMBLE A TEXTURE AS TO REQUIRE THIS ADVANTAGE AND AT THE SAME TIME TO RENDER IT THE MORE DIFFICULT OF ATTAINMENT,2086,9.81,16000,test,2086-149214-0000_pitch,2086
data/fake_signalproc/formant/2086-149214-0001.wav,fake,signalproc,none,formant,IN GOOD FAITH HOWEVER HE IS NOT SUFFICIENTLY IMAGINATIVE TO FLATTER HIMSELF WITH THE SLIGHTEST HOPE OF THIS KIND,2086,6.97,16000,test,2086-149214-0001_formant,2086
data/fake_signalproc/melvoc/2086-149214-0001.wav,fake,signalproc,none,melvoc,IN GOOD FAITH HOWEVER HE IS NOT SUFFICIENTLY IMAGINATIVE TO FLATTER HIMSELF WITH THE SLIGHTEST HOPE OF THIS KIND,2086,6.968,16000,test,2086-149214-0001_melvoc,2086
data/fake_signalproc/pitch/2086-149214-0001.wav,fake,signalproc,none,pitch,IN GOOD FAITH HOWEVER HE IS NOT SUFFICIENTLY IMAGINATIVE TO FLATTER HIMSELF WITH THE SLIGHTEST HOPE OF THIS KIND,2086,6.97,16000,test,2086-149214-0001_pitch,2086
data/fake_signalproc/formant/2086-149214-0002.wav,fake,signalproc,none,formant,THE AUTHOR HAS CONSIDERED IT HARDLY WORTH HIS WHILE THEREFORE RELENTLESSLY TO IMPALE THE STORY WITH ITS MORAL AS WITH AN IRON ROD OR RATHER AS BY STICKING A PIN THROUGH A BUTTERFLY THUS AT ONCE DEPRIVING IT OF LIFE AND CAUSING IT TO STIFFEN IN AN UNGAINLY AND UNNATURAL ATTITUDE,2086,16.745,16000,test,2086-149214-0002_formant,2086
data/fake_signalproc/melvoc/2086-149214-0002.wav,fake,signalproc,none,melvoc,THE AUTHOR HAS CONSIDERED IT HARDLY WORTH HIS WHILE THEREFORE RELENTLESSLY TO IMPALE THE STORY WITH ITS MORAL AS WITH AN IRON ROD OR RATHER AS BY STICKING A PIN THROUGH A BUTTERFLY THUS AT ONCE DEPRIVING IT OF LIFE AND CAUSING IT TO STIFFEN IN AN UNGAINLY AND UNNATURAL ATTITUDE,2086,16.744,16000,test,2086-149214-0002_melvoc,2086
data/fake_signalproc/pitch/2086-149214-0002.wav,fake,signalproc,none,pitch,THE AUTHOR HAS CONSIDERED IT HARDLY WORTH HIS WHILE THEREFORE RELENTLESSLY TO IMPALE THE STORY WITH ITS MORAL AS WITH AN IRON ROD OR RATHER AS BY STICKING A PIN THROUGH A BUTTERFLY THUS AT ONCE DEPRIVING IT OF LIFE AND CAUSING IT TO STIFFEN IN AN UNGAINLY AND UNNATURAL ATTITUDE,2086,16.745,16000,test,2086-149214-0002_pitch,2086
data/fake_signalproc/formant/2086-149214-0003.wav,fake,signalproc,none,formant,IF PERMITTED BY THE HISTORICAL CONNECTION WHICH THOUGH SLIGHT WAS ESSENTIAL TO HIS PLAN THE AUTHOR WOULD VERY WILLINGLY HAVE AVOIDED ANYTHING OF THIS NATURE,2086,8.995,16000,test,2086-149214-0003_formant,2086
data/fake_signalproc/melvoc/2086-149214-0003.wav,fake,signalproc,none,melvoc,IF PERMITTED BY THE HISTORICAL CONNECTION WHICH THOUGH SLIGHT WAS ESSENTIAL TO HIS PLAN THE AUTHOR WOULD VERY WILLINGLY HAVE AVOIDED ANYTHING OF THIS NATURE,2086,8.992,16000,test,2086-149214-0003_melvoc,2086
data/fake_signalproc/pitch/2086-149214-0003.wav,fake,signalproc,none,pitch,IF PERMITTED BY THE HISTORICAL CONNECTION WHICH THOUGH SLIGHT WAS ESSENTIAL TO HIS PLAN THE AUTHOR WOULD VERY WILLINGLY HAVE AVOIDED ANYTHING OF THIS NATURE,2086,8.995,16000,test,2086-149214-0003_pitch,2086
data/fake_signalproc/formant/2086-149214-0004.wav,fake,signalproc,none,formant,HE TRUSTS NOT TO BE CONSIDERED AS UNPARDONABLY OFFENDING BY LAYING OUT A STREET THAT INFRINGES UPON NOBODY'S PRIVATE RIGHTS AND APPROPRIATING A LOT OF LAND WHICH HAD NO VISIBLE OWNER AND BUILDING A HOUSE OF MATERIALS LONG IN USE FOR CONSTRUCTING CASTLES IN THE AIR,2086,15.22,16000,test,2086-149214-0004_formant,2086
data/fake_signalproc/melvoc/2086-149214-0004.wav,fake,signalproc,none,melvoc,HE TRUSTS NOT TO BE CONSIDERED AS UNPARDONABLY OFFENDING BY LAYING OUT A STREET THAT INFRINGES UPON NOBODY'S PRIVATE RIGHTS AND APPROPRIATING A LOT OF LAND WHICH HAD NO VISIBLE OWNER AND BUILDING A HOUSE OF MATERIALS LONG IN USE FOR CONSTRUCTING CASTLES IN THE AIR,2086,15.216,16000,test,2086-149214-0004_melvoc,2086
data/fake_signalproc/pitch/2086-149214-0004.wav,fake,signalproc,none,pitch,HE TRUSTS NOT TO BE CONSIDERED AS UNPARDONABLY OFFENDING BY LAYING OUT A STREET THAT INFRINGES UPON NOBODY'S PRIVATE RIGHTS AND APPROPRIATING A LOT OF LAND WHICH HAD NO VISIBLE OWNER AND BUILDING A HOUSE OF MATERIALS LONG IN USE FOR CONSTRUCTING CASTLES IN THE AIR,2086,15.22,16000,test,2086-149214-0004_pitch,2086
data/fake_signalproc/formant/2086-149220-0000.wav,fake,signalproc,none,formant,THE ENCLOSURE HAD FORMERLY BEEN VERY EXTENSIVE BUT WAS NOW CONTRACTED WITHIN SMALL COMPASS AND HEMMED ABOUT PARTLY BY HIGH WOODEN FENCES AND PARTLY BY THE OUTBUILDINGS OF HOUSES THAT STOOD ON ANOTHER STREET,2086,12.095,16000,test,2086-149220-0000_formant,2086
data/fake_signalproc/melvoc/2086-149220-0000.wav,fake,signalproc,none,melvoc,THE ENCLOSURE HAD FORMERLY BEEN VERY EXTENSIVE BUT WAS NOW CONTRACTED WITHIN SMALL COMPASS AND HEMMED ABOUT PARTLY BY HIGH WOODEN FENCES AND PARTLY BY THE OUTBUILDINGS OF HOUSES THAT STOOD ON ANOTHER STREET,2086,12.088,16000,test,2086-149220-0000_melvoc,2086
data/fake_signalproc/pitch/2086-149220-0000.wav,fake,signalproc,none,pitch,THE ENCLOSURE HAD FORMERLY BEEN VERY EXTENSIVE BUT WAS NOW CONTRACTED WITHIN SMALL COMPASS AND HEMMED ABOUT PARTLY BY HIGH WOODEN FENCES AND PARTLY BY THE OUTBUILDINGS OF HOUSES THAT STOOD ON ANOTHER STREET,2086,12.095,16000,test,2086-149220-0000_pitch,2086
data/fake_signalproc/formant/2086-149220-0001.wav,fake,signalproc,none,formant,THE WHITE DOUBLE ROSEBUSH HAD EVIDENTLY BEEN PROPPED UP ANEW AGAINST THE HOUSE SINCE THE COMMENCEMENT OF THE SEASON AND A PEAR TREE AND THREE DAMSON TREES WHICH EXCEPT A ROW OF CURRANT BUSHES CONSTITUTED THE ONLY VARIETIES OF FRUIT BORE MARKS OF THE RECENT AMPUTATION OF SEVERAL SUPERFLUOUS OR DEFECTIVE LIMBS,2086,19.78,16000,test,2086-149220-0001_formant,2086
data/fake_signalproc/melvoc/2086-149220-0001.wav,fake,signalproc,none,melvoc,THE WHITE DOUBLE ROSEBUSH HAD EVIDENTLY BEEN PROPPED UP ANEW AGAINST THE HOUSE SINCE THE COMMENCEMENT OF THE SEASON AND A PEAR TREE AND THREE DAMSON TREES WHICH EXCEPT A ROW OF CURRANT BUSHES CONSTITUTED THE ONLY VARIETIES OF FRUIT BORE MARKS OF THE RECENT AMPUTATION OF SEVERAL SUPERFLUOUS OR DEFECTIVE LIMBS,2086,19.776,16000,test,2086-149220-0001_melvoc,2086
data/fake_signalproc/pitch/2086-149220-0001.wav,fake,signalproc,none,pitch,THE WHITE DOUBLE ROSEBUSH HAD EVIDENTLY BEEN PROPPED UP ANEW AGAINST THE HOUSE SINCE THE COMMENCEMENT OF THE SEASON AND A PEAR TREE AND THREE DAMSON TREES WHICH EXCEPT A ROW OF CURRANT BUSHES CONSTITUTED THE ONLY VARIETIES OF FRUIT BORE MARKS OF THE RECENT AMPUTATION OF SEVERAL SUPERFLUOUS OR DEFECTIVE LIMBS,2086,19.78,16000,test,2086-149220-0001_pitch,2086
data/fake_signalproc/formant/2086-149220-0002.wav,fake,signalproc,none,formant,THERE WERE ALSO A FEW SPECIES OF ANTIQUE AND HEREDITARY FLOWERS IN NO VERY FLOURISHING CONDITION BUT SCRUPULOUSLY WEEDED AS IF SOME PERSON EITHER OUT OF LOVE OR CURIOSITY HAD BEEN ANXIOUS TO BRING THEM TO SUCH PERFECTION AS THEY WERE CAPABLE OF ATTAINING,2086,16.01,16000,test,2086-149220-0002_formant,2086
data/fake_signalproc/melvoc/2086-149220-0002.wav,fake,signalproc,none,melvoc,THERE WERE ALSO A FEW SPECIES OF ANTIQUE AND HEREDITARY FLOWERS IN NO VERY FLOURISHING CONDITION BUT SCRUPULOUSLY WEEDED AS IF SOME PERSON EITHER OUT OF LOVE OR CURIOSITY HAD BEEN ANXIOUS TO BRING THEM TO SUCH PERFECTION AS THEY WERE CAPABLE OF ATTAINING,2086,16.008,16000,test,2086-149220-0002_melvoc,2086
data/fake_signalproc/pitch/2086-149220-0002.wav,fake,signalproc,none,pitch,THERE WERE ALSO A FEW SPECIES OF ANTIQUE AND HEREDITARY FLOWERS IN NO VERY FLOURISHING CONDITION BUT SCRUPULOUSLY WEEDED AS IF SOME PERSON EITHER OUT OF LOVE OR CURIOSITY HAD BEEN ANXIOUS TO BRING THEM TO SUCH PERFECTION AS THEY WERE CAPABLE OF ATTAINING,2086,16.01,16000,test,2086-149220-0002_pitch,2086
data/fake_signalproc/formant/2086-149220-0003.wav,fake,signalproc,none,formant,SUMMER SQUASHES ALMOST IN THEIR GOLDEN BLOSSOM CUCUMBERS NOW EVINCING A TENDENCY TO SPREAD AWAY FROM THE MAIN STOCK AND RAMBLE FAR AND WIDE TWO OR THREE ROWS OF STRING BEANS AND AS MANY MORE THAT WERE ABOUT TO FESTOON THEMSELVES ON POLES TOMATOES OCCUPYING A SITE SO SHELTERED AND SUNNY THAT THE PLANTS WERE ALREADY GIGANTIC AND PROMISED AN EARLY AND ABUNDANT HARVEST,2086,22.81,16000,test,2086-149220-0003_formant,2086
data/fake_signalproc/formant/2428-83699-0000.wav,fake,signalproc,none,formant,I IMAGINE THERE WERE SEVERAL KINDS OF OLD FASHIONED CHRISTMASES BUT IT COULD HARDLY BE WORSE THAN A CHOP IN MY CHAMBERS OR HORROR OF HORRORS AT THE CLUB OR MY COUSIN LUCY'S NOTION OF WHAT SHE CALLS THE FESTIVE SEASON,2428,13.305,16000,test,2428-83699-0000_formant,2428
data/fake_signalproc/melvoc/2428-83699-0000.wav,fake,signalproc,none,melvoc,I IMAGINE THERE WERE SEVERAL KINDS OF OLD FASHIONED CHRISTMASES BUT IT COULD HARDLY BE WORSE THAN A CHOP IN MY CHAMBERS OR HORROR OF HORRORS AT THE CLUB OR MY COUSIN LUCY'S NOTION OF WHAT SHE CALLS THE FESTIVE SEASON,2428,13.304,16000,test,2428-83699-0000_melvoc,2428
data/fake_signalproc/pitch/2428-83699-0000.wav,fake,signalproc,none,pitch,I IMAGINE THERE WERE SEVERAL KINDS OF OLD FASHIONED CHRISTMASES BUT IT COULD HARDLY BE WORSE THAN A CHOP IN MY CHAMBERS OR HORROR OF HORRORS AT THE CLUB OR MY COUSIN LUCY'S NOTION OF WHAT SHE CALLS THE FESTIVE SEASON,2428,13.305,16000,test,2428-83699-0000_pitch,2428
data/fake_signalproc/formant/2428-83699-0001.wav,fake,signalproc,none,formant,FESTIVE YES,2428,2.07,16000,test,2428-83699-0001_formant,2428
data/fake_signalproc/melvoc/2428-83699-0001.wav,fake,signalproc,none,melvoc,FESTIVE YES,2428,2.064,16000,test,2428-83699-0001_melvoc,2428
data/fake_signalproc/pitch/2428-83699-0001.wav,fake,signalproc,none,pitch,FESTIVE YES,2428,2.07,16000,test,2428-83699-0001_pitch,2428
data/fake_signalproc/formant/2428-83699-0002.wav,fake,signalproc,none,formant,THE REPLY WAS WRITTEN IN A SPRAWLING FEMININE HAND IT WAS A LITTLE VAGUE,2428,4.26,16000,test,2428-83699-0002_formant,2428
data/fake_signalproc/melvoc/2428-83699-0002.wav,fake,signalproc,none,melvoc,THE REPLY WAS WRITTEN IN A SPRAWLING FEMININE HAND IT WAS A LITTLE VAGUE,2428,4.256,16000,test,2428-83699-0002_melvoc,2428
data/fake_signalproc/pitch/2428-83699-0002.wav,fake,signalproc,none,pitch,THE REPLY WAS WRITTEN IN A SPRAWLING FEMININE HAND IT WAS A LITTLE VAGUE,2428,4.26,16000,test,2428-83699-0002_pitch,2428
data/fake_signalproc/formant/2428-83699-0003.wav,fake,signalproc,none,formant,IT APPEARED THAT THE TERMS WOULD BE FIVE GUINEAS BUT THERE WAS NO MENTION OF THE LENGTH OF TIME WHICH THAT FEE WOULD COVER,2428,6.265,16000,test,2428-83699-0003_formant,2428
data/fake_signalproc/melvoc/2428-83699-0003.wav,fake,signalproc,none,melvoc,IT APPEARED THAT THE TERMS WOULD BE FIVE GUINEAS BUT THERE WAS NO MENTION OF THE LENGTH OF TIME WHICH THAT FEE WOULD COVER,2428,6.264,16000,test,2428-83699-0003_melvoc,2428
data/fake_signalproc/pitch/2428-83699-0003.wav,fake,signalproc,none,pitch,IT APPEARED THAT THE TERMS WOULD BE FIVE GUINEAS BUT THERE WAS NO MENTION OF THE LENGTH OF TIME WHICH THAT FEE WOULD COVER,2428,6.265,16000,test,2428-83699-0003_pitch,2428
data/fake_signalproc/formant/2428-83699-0004.wav,fake,signalproc,none,formant,THE WHOLE THING WAS A TRIFLE ODD,2428,1.88,16000,test,2428-83699-0004_formant,2428
data/fake_signalproc/melvoc/2428-83699-0004.wav,fake,signalproc,none,melvoc,THE WHOLE THING WAS A TRIFLE ODD,2428,1.88,16000,test,2428-83699-0004_melvoc,2428
data/fake_signalproc/pitch/2428-83699-0004.wav,fake,signalproc,none,pitch,THE WHOLE THING WAS A TRIFLE ODD,2428,1.88,16000,test,2428-83699-0004_pitch,2428
data/fake_signalproc/formant/2428-83699-0005.wav,fake,signalproc,none,formant,THERE WAS NOTHING SAID ABOUT THE SORT OF ACCOMMODATION WHICH WOULD BE PROVIDED NOTHING ABOUT THE KIND OF ESTABLISHMENT WHICH WAS MAINTAINED OR THE TABLE WHICH WAS KEPT,2428,9.09,16000,test,2428-83699-0005_formant,2428
data/fake_signalproc/melvoc/2428-83699-0005.wav,fake,signalproc,none,melvoc,THERE WAS NOTHING SAID ABOUT THE SORT OF ACCOMMODATION WHICH WOULD BE PROVIDED NOTHING ABOUT THE KIND OF ESTABLISHMENT WHICH WAS MAINTAINED OR THE TABLE WHICH WAS KEPT,2428,9.088,16000,test,2428-83699-0005_melvoc,2428
data/fake_signalproc/pitch/2428-83699-0005.wav,fake,signalproc,none,pitch,THERE WAS NOTHING SAID ABOUT THE SORT OF ACCOMMODATION WHICH WOULD BE PROVIDED NOTHING ABOUT THE KIND OF ESTABLISHMENT WHICH WAS MAINTAINED OR THE TABLE WHICH WAS KEPT,2428,9.09,16000,test,2428-83699-0005_pitch,2428
data/fake_signalproc/formant/2428-83699-0006.wav,fake,signalproc,none,formant,NOW IT IS A REMARKABLE THING THAT I HAVE ALWAYS HAD AN EXTRAORDINARY PREDILECTION FOR THE NAME MADGE I DO NOT KNOW WHY,2428,6.825,16000,test,2428-83699-0006_formant,2428
data/fake_signalproc/melvoc/2428-83699-0006.wav,fake,signalproc,none,melvoc,NOW IT IS A REMARKABLE THING THAT I HAVE ALWAYS HAD AN EXTRAORDINARY PREDILECTION FOR THE NAME MADGE I DO NOT KNOW WHY,2428,6.824,16000,test,2428-83699-0006_melvoc,2428
data/fake_signalproc/pitch/2428-83699-0006.wav,fake,signalproc,none,pitch,NOW IT IS A REMARKABLE THING THAT I HAVE ALWAYS HAD AN EXTRAORDINARY PREDILECTION FOR THE NAME MADGE I DO NOT KNOW WHY,2428,6.825,16000,test,2428-83699-0006_pitch,2428
data/fake_signalproc/formant/2428-83699-0007.wav,fake,signalproc,none,formant,I HAVE NEVER KNOWN A MADGE AND YET FROM MY BOYHOOD UPWARD I HAVE DESIRED TO MEET ONE,2428,5.71,16000,test,2428-83699-0007_formant,2428
data/fake_signalproc/melvoc/2428-83699-0007.wav,fake,signalproc,none,melvoc,I HAVE NEVER KNOWN A MADGE AND YET FROM MY BOYHOOD UPWARD I HAVE DESIRED TO MEET ONE,2428,5.704,16000,test,2428-83699-0007_melvoc,2428
data/fake_signalproc/pitch/2428-83699-0007.wav,fake,signalproc,none,pitch,I HAVE NEVER KNOWN A MADGE AND YET FROM MY BOYHOOD UPWARD I HAVE DESIRED TO MEET ONE,2428,5.71,16000,test,2428-83699-0007_pitch,2428
data/fake_signalproc/formant/2428-83699-0008.wav,fake,signalproc,none,formant,UNDER SUCH CIRCUMSTANCES SHE WAS HARDLY LIKELY TO BE LIVELY HERSELF BUT HER NAME WAS MADGE AND IT WAS THE ACCIDENT OF HER CHRISTIAN NAME WHICH DECIDED ME TO GO,2428,10.38,16000,test,2428-83699-0008_formant,2428
data/fake_signalproc/formant/3576-138058-0000.wav,fake,signalproc,none,formant,MASTER AND MAN DISMOUNTED FROM THEIR BEASTS AND AS SOON AS THEY HAD SETTLED THEMSELVES AT THE FOOT OF THE TREES SANCHO WHO HAD HAD A GOOD NOONTIDE MEAL THAT DAY LET HIMSELF WITHOUT MORE ADO PASS THE GATES OF SLEEP,3576,14.14,16000,test,3576-138058-0000_formant,3576
data/fake_signalproc/melvoc/3576-138058-0000.wav,fake,signalproc,none,melvoc,MASTER AND MAN DISMOUNTED FROM THEIR BEASTS AND AS SOON AS THEY HAD SETTLED THEMSELVES AT THE FOOT OF THE TREES SANCHO WHO HAD HAD A GOOD NOONTIDE MEAL THAT DAY LET HIMSELF WITHOUT MORE ADO PASS THE GATES OF SLEEP,3576,14.136,16000,test,3576-138058-0000_melvoc,3576
data/fake_signalproc/pitch/3576-138058-0000.wav,fake,signalproc,none,pitch,MASTER AND MAN DISMOUNTED FROM THEIR BEASTS AND AS SOON AS THEY HAD SETTLED THEMSELVES AT THE FOOT OF THE TREES SANCHO WHO HAD HAD A GOOD NOONTIDE MEAL THAT DAY LET HIMSELF WITHOUT MORE ADO PASS THE GATES OF SLEEP,3576,14.14,16000,test,3576-138058-0000_pitch,3576
data/fake_signalproc/formant/3576-138058-0001.wav,fake,signalproc,none,formant,BUT DON QUIXOTE WHOM HIS THOUGHTS FAR MORE THAN HUNGER KEPT AWAKE COULD NOT CLOSE AN EYE AND ROAMED IN FANCY TO AND FRO THROUGH ALL SORTS OF PLACES,3576,10.78,16000,test,3576-138058-0001_formant,3576
data/fake_signalproc/melvoc/3576-138058-0001.wav,fake,signalproc,none,melvoc,BUT DON QUIXOTE WHOM HIS THOUGHTS FAR MORE THAN HUNGER KEPT AWAKE COULD NOT CLOSE AN EYE AND ROAMED IN FANCY TO AND FRO THROUGH ALL SORTS OF PLACES,3576,10.776,16000,test,3576-138058-0001_melvoc,3576
data/fake_signalproc/pitch/3576-138058-0001.wav,fake,signalproc,none,pitch,BUT DON QUIXOTE WHOM HIS THOUGHTS FAR MORE THAN HUNGER KEPT AWAKE COULD NOT CLOSE AN EYE AND ROAMED IN FANCY TO AND FRO THROUGH ALL SORTS OF PLACES,3576,10.78,16000,test,3576-138058-0001_pitch,3576
data/fake_signalproc/formant/3576-138058-0002.wav,fake,signalproc,none,formant,AT ONE MOMENT IT SEEMED TO HIM THAT HE WAS IN THE CAVE OF MONTESINOS AND SAW DULCINEA TRANSFORMED INTO A COUNTRY WENCH SKIPPING AND MOUNTING UPON HER SHE ASS AGAIN THAT THE WORDS OF THE SAGE MERLIN WERE SOUNDING IN HIS EARS SETTING FORTH THE CONDITIONS TO BE OBSERVED AND THE EXERTIONS TO BE MADE FOR THE DISENCHANTMENT OF DULCINEA,3576,22.33,16000,test,3576-138058-0002_formant,3576
data/fake_signalproc/melvoc/3576-138058-0002.wav,fake,signalproc,none,melvoc,AT ONE MOMENT IT SEEMED TO HIM THAT HE WAS IN THE CAVE OF MONTESINOS AND SAW DULCINEA TRANSFORMED INTO A COUNTRY WENCH SKIPPING AND MOUNTING UPON HER SHE ASS AGAIN THAT THE WORDS OF THE SAGE MERLIN WERE SOUNDING IN HIS EARS SETTING FORTH THE CONDITIONS TO BE OBSERVED AND THE EXERTIONS TO BE MADE FOR THE DISENCHANTMENT OF DULCINEA,3576,22.328,16000,test,3576-138058-0002_melvoc,3576
data/fake_signalproc/pitch/3576-138058-0002.wav,fake,signalproc,none,pitch,AT ONE MOMENT IT SEEMED TO HIM THAT HE WAS IN THE CAVE OF MONTESINOS AND SAW DULCINEA TRANSFORMED INTO A COUNTRY WENCH SKIPPING AND MOUNTING UPON HER SHE ASS AGAIN THAT THE WORDS OF THE SAGE MERLIN WERE SOUNDING IN HIS EARS SETTING FORTH THE CONDITIONS TO BE OBSERVED AND THE EXERTIONS TO BE MADE FOR THE DISENCHANTMENT OF DULCINEA,3576,22.33,16000,test,3576-138058-0002_pitch,3576
data/fake_signalproc/formant/3576-138058-0003.wav,fake,signalproc,none,formant,WHO IS TOUCHING ME AND UNTRUSSING ME,3576,2.51,16000,test,3576-138058-0003_formant,3576
data/fake_signalproc/melvoc/3576-138058-0003.wav,fake,signalproc,none,melvoc,WHO IS TOUCHING ME AND UNTRUSSING ME,3576,2.504,16000,test,3576-138058-0003_melvoc,3576
data/fake_signalproc/pitch/3576-138058-0003.wav,fake,signalproc,none,pitch,WHO IS TOUCHING ME AND UNTRUSSING ME,3576,2.51,16000,test,3576-138058-0003_pitch,3576
data/fake_signalproc/formant/3576-138058-0004.wav,fake,signalproc,none,formant,DULCINEA IS PERISHING THOU ART LIVING ON REGARDLESS I AM DYING OF HOPE DEFERRED THEREFORE UNTRUSS THYSELF WITH A GOOD WILL FOR MINE IT IS HERE IN THIS RETIRED SPOT TO GIVE THEE AT LEAST TWO THOUSAND LASHES,3576,16.56,16000,test,3576-138058-0004_formant,3576
data/fake_signalproc/melvoc/3576-138058-0004.wav,fake,signalproc,none,melvoc,DULCINEA IS PERISHING THOU ART LIVING ON REGARDLESS I AM DYING OF HOPE DEFERRED THEREFORE UNTRUSS THYSELF WITH A GOOD WILL FOR MINE IT IS HERE IN THIS RETIRED SPOT TO GIVE THEE AT LEAST TWO THOUSAND LASHES,3576,16.56,16000,test,3576-138058-0004_melvoc,3576
data/fake_signalproc/pitch/3576-138058-0004.wav,fake,signalproc,none,pitch,DULCINEA IS PERISHING THOU ART LIVING ON REGARDLESS I AM DYING OF HOPE DEFERRED THEREFORE UNTRUSS THYSELF WITH A GOOD WILL FOR MINE IT IS HERE IN THIS RETIRED SPOT TO GIVE THEE AT LEAST TWO THOUSAND LASHES,3576,16.56,16000,test,3576-138058-0004_pitch,3576
data/fake_signalproc/formant/3576-138058-0005.wav,fake,signalproc,none,formant,SEEING THIS SANCHO GOT UP AND GRAPPLING WITH HIS MASTER HE GRIPPED HIM WITH ALL HIS MIGHT IN HIS ARMS GIVING HIM A TRIP WITH THE HEEL STRETCHED HIM ON THE GROUND ON HIS BACK AND PRESSING HIS RIGHT KNEE ON HIS CHEST HELD HIS HANDS IN HIS OWN SO THAT HE COULD NEITHER MOVE NOR BREATHE,3576,16.655,16000,test,3576-138058-0005_formant,3576
data/fake_signalproc/melvoc/3576-138058-0005.wav,fake,signalproc,none,melvoc,SEEING THIS SANCHO GOT UP AND GRAPPLING WITH HIS MASTER HE GRIPPED HIM WITH ALL HIS MIGHT IN HIS ARMS GIVING HIM A TRIP WITH THE HEEL STRETCHED HIM ON THE GROUND ON HIS BACK AND PRESSING HIS RIGHT KNEE ON HIS CHEST HELD HIS HANDS IN HIS OWN SO THAT HE COULD NEITHER MOVE NOR BREATHE,3576,16.648,16000,test,3576-138058-0005_melvoc,3576
data/fake_signalproc/pitch/3576-138058-0005.wav,fake,signalproc,none,pitch,SEEING THIS SANCHO GOT UP AND GRAPPLING WITH HIS MASTER HE GRIPPED HIM WITH ALL HIS MIGHT IN HIS ARMS GIVING HIM A TRIP WITH THE HEEL STRETCHED HIM ON THE GROUND ON HIS BACK AND PRESSING HIS RIGHT KNEE ON HIS CHEST HELD HIS HANDS IN HIS OWN SO THAT HE COULD NEITHER MOVE NOR BREATHE,3576,16.655,16000,test,3576-138058-0005_pitch,3576
data/fake_signalproc/formant/3576-138058-0006.wav,fake,signalproc,none,formant,HOW NOW TRAITOR EXCLAIMED DON QUIXOTE,3576,3.945,16000,test,3576-138058-0006_formant,3576
data/fake_signalproc/melvoc/3576-138058-0006.wav,fake,signalproc,none,melvoc,HOW NOW TRAITOR EXCLAIMED DON QUIXOTE,3576,3.944,16000,test,3576-138058-0006_melvoc,3576
data/fake_signalproc/pitch/3576-138058-0006.wav,fake,signalproc,none,pitch,HOW NOW TRAITOR EXCLAIMED DON QUIXOTE,3576,3.945,16000,test,3576-138058-0006_pitch,3576
data/fake_signalproc/formant/3576-138058-0007.wav,fake,signalproc,none,formant,DOST THOU REVOLT AGAINST THY MASTER AND NATURAL LORD,3576,3.55,16000,test,3576-138058-0007_formant,3576
data/fake_signalproc/melvoc/3576-138058-0007.wav,fake,signalproc,none,melvoc,DOST THOU REVOLT AGAINST THY MASTER AND NATURAL LORD,3576,3.544,16000,test,3576-138058-0007_melvoc,3576
data/fake_signalproc/pitch/3576-138058-0007.wav,fake,signalproc,none,pitch,DOST THOU REVOLT AGAINST THY MASTER AND NATURAL LORD,3576,3.55,16000,test,3576-138058-0007_pitch,3576
data/fake_signalproc/formant/3576-138058-0008.wav,fake,signalproc,none,formant,DOST THOU RISE AGAINST HIM WHO GIVES THEE HIS BREAD,3576,3.86,16000,test,3576-138058-0008_formant,3576
data/fake_signalproc/formant/5895-34615-0000.wav,fake,signalproc,none,formant,BUT IS LAUGHTER A SYNONYM OF JOY,5895,3.335,16000,test,5895-34615-0000_formant,5895
data/fake_signalproc/melvoc/5895-34615-0000.wav,fake,signalproc,none,melvoc,BUT IS LAUGHTER A SYNONYM OF JOY,5895,3.328,16000,test,5895-34615-0000_melvoc,5895
data/fake_signalproc/pitch/5895-34615-0000.wav,fake,signalproc,none,pitch,BUT IS LAUGHTER A SYNONYM OF JOY,5895,3.335,16000,test,5895-34615-0000_pitch,5895
data/fake_signalproc/formant/5895-34615-0001.wav,fake,signalproc,none,formant,SUCH PERFECT COMPLETENESS IS NOT IN NATURE,5895,3.305,16000,test,5895-34615-0001_formant,5895
data/fake_signalproc/melvoc/5895-34615-0001.wav,fake,signalproc,none,melvoc,SUCH PERFECT COMPLETENESS IS NOT IN NATURE,5895,3.304,16000,test,5895-34615-0001_melvoc,5895
data/fake_signalproc/pitch/5895-34615-0001.wav,fake,signalproc,none,pitch,SUCH PERFECT COMPLETENESS IS NOT IN NATURE,5895,3.305,16000,test,5895-34615-0001_pitch,5895
data/fake_signalproc/formant/5895-34615-0002.wav,fake,signalproc,none,formant,HAD GWYNPLAINE WHEN A CHILD BEEN SO WORTHY OF ATTENTION THAT HIS FACE HAD BEEN SUBJECTED TO TRANSMUTATION WHY NOT,5895,8.73,16000,test,5895-34615-0002_formant,5895
data/fake_signalproc/melvoc/5895-34615-0002.wav,fake,signalproc,none,melvoc,HAD GWYNPLAINE WHEN A CHILD BEEN SO WORTHY OF ATTENTION THAT HIS FACE HAD BEEN SUBJECTED TO TRANSMUTATION WHY NOT,5895,8.728,16000,test,5895-34615-0002_melvoc,5895
data/fake_signalproc/pitch/5895-34615-0002.wav,fake,signalproc,none,pitch,HAD GWYNPLAINE WHEN A CHILD BEEN SO WORTHY OF ATTENTION THAT HIS FACE HAD BEEN SUBJECTED TO TRANSMUTATION WHY NOT,5895,8.73,16000,test,5895-34615-0002_pitch,5895
data/fake_signalproc/formant/5895-34615-0003.wav,fake,signalproc,none,formant,ACCORDING TO ALL APPEARANCE INDUSTRIOUS MANIPULATORS OF CHILDREN HAD WORKED UPON HIS FACE,5895,6.605,16000,test,5895-34615-0003_formant,5895
data/fake_signalproc/melvoc/5895-34615-0003.wav,fake,signalproc,none,melvoc,ACCORDING TO ALL APPEARANCE INDUSTRIOUS MANIPULATORS OF CHILDREN HAD WORKED UPON HIS FACE,5895,6.6,16000,test,5895-34615-0003_melvoc,5895
data/fake_signalproc/pitch/5895-34615-0003.wav,fake,signalproc,none,pitch,ACCORDING TO ALL APPEARANCE INDUSTRIOUS MANIPULATORS OF CHILDREN HAD WORKED UPON HIS FACE,5895,6.605,16000,test,5895-34615-0003_pitch,5895
data/fake_signalproc/formant/5895-34615-0004.wav,fake,signalproc,none,formant,IT SEEMED EVIDENT THAT A MYSTERIOUS AND PROBABLY OCCULT SCIENCE WHICH WAS TO SURGERY WHAT ALCHEMY WAS TO CHEMISTRY HAD CHISELLED HIS FLESH EVIDENTLY AT A VERY TENDER AGE AND MANUFACTURED HIS COUNTENANCE WITH PREMEDITATION,5895,15.95,16000,test,5895-34615-0004_formant,5895
data/fake_signalproc/melvoc/5895-34615-0004.wav,fake,signalproc,none,melvoc,IT SEEMED EVIDENT THAT A MYSTERIOUS AND PROBABLY OCCULT SCIENCE WHICH WAS TO SURGERY WHAT ALCHEMY WAS TO CHEMISTRY HAD CHISELLED HIS FLESH EVIDENTLY AT A VERY TENDER AGE AND MANUFACTURED HIS COUNTENANCE WITH PREMEDITATION,5895,15.944,16000,test,5895-34615-0004_melvoc,5895
data/fake_signalproc/pitch/5895-34615-0004.wav,fake,signalproc,none,pitch,IT SEEMED EVIDENT THAT A MYSTERIOUS AND PROBABLY OCCULT SCIENCE WHICH WAS TO SURGERY WHAT ALCHEMY WAS TO CHEMISTRY HAD CHISELLED HIS FLESH EVIDENTLY AT A VERY TENDER AGE AND MANUFACTURED HIS COUNTENANCE WITH PREMEDITATION,5895,15.95,16000,test,5895-34615-0004_pitch,5895
data/fake_signalproc/formant/5895-34615-0005.wav,fake,signalproc,none,formant,GWYNPLAINE WAS A MOUNTEBANK,5895,2.495,16000,test,5895-34615-0005_formant,5895
data/fake_signalproc/melvoc/5895-34615-0005.wav,fake,signalproc,none,melvoc,GWYNPLAINE WAS A MOUNTEBANK,5895,2.488,16000,test,5895-34615-0005_melvoc,5895
data/fake_signalproc/pitch/5895-34615-0005.wav,fake,signalproc,none,pitch,GWYNPLAINE WAS A MOUNTEBANK,5895,2.495,16000,test,5895-34615-0005_pitch,5895
data/fake_signalproc/formant/5895-34615-0006.wav,fake,signalproc,none,formant,HE SHOWED HIMSELF ON THE PLATFORM,5895,2.525,16000,test,5895-34615-0006_formant,5895
data/fake_signalproc/melvoc/5895-34615-0006.wav,fake,signalproc,none,melvoc,HE SHOWED HIMSELF ON THE PLATFORM,5895,2.52,16000,test,5895-34615-0006_melvoc,5895
data/fake_signalproc/pitch/5895-34615-0006.wav,fake,signalproc,none,pitch,HE SHOWED HIMSELF ON THE PLATFORM,5895,2.525,16000,test,5895-34615-0006_pitch,5895
data/fake_signalproc/formant/5895-34615-0007.wav,fake,signalproc,none,formant,IT WAS GWYNPLAINE'S LAUGH WHICH CREATED THE LAUGHTER OF OTHERS YET HE DID NOT LAUGH HIMSELF,5895,5.705,16000,test,5895-34615-0007_formant,5895
data/fake_signalproc/melvoc/5895-34615-0007.wav,fake,signalproc,none,melvoc,IT WAS GWYNPLAINE'S LAUGH WHICH CREATED THE LAUGHTER OF OTHERS YET HE DID NOT LAUGH HIMSELF,5895,5.704,16000,test,5895-34615-0007_melvoc,5895
data/fake_signalproc/pitch/5895-34615-0007.wav,fake,signalproc,none,pitch,IT WAS GWYNPLAINE'S LAUGH WHICH CREATED THE LAUGHTER OF OTHERS YET HE DID NOT LAUGH HIMSELF,5895,5.705,16000,test,5895-34615-0007_pitch,5895
data/fake_signalproc/formant/5895-34615-0008.wav,fake,signalproc,none,formant,THE OUTSIDE DID NOT DEPEND ON THE INTERIOR,5895,3.055,16000,test,5895-34615-0008_formant,5895
data/fake_signalproc/formant/6313-66125-0000.wav,fake,signalproc,none,formant,YOU'LL ALL BE OVER IF YOU DON'T HAVE A CARE,6313,2.355,16000,test,6313-66125-0000_formant,6313
data/fake_signalproc/melvoc/6313-66125-0000.wav,fake,signalproc,none,melvoc,YOU'LL ALL BE OVER IF YOU DON'T HAVE A CARE,6313,2.352,16000,test,6313-66125-0000_melvoc,6313
data/fake_signalproc/pitch/6313-66125-0000.wav,fake,signalproc,none,pitch,YOU'LL ALL BE OVER IF YOU DON'T HAVE A CARE,6313,2.355,16000,test,6313-66125-0000_pitch,6313
data/fake_signalproc/formant/6313-66125-0001.wav,fake,signalproc,none,formant,LOOKS LIKE A CLUMP OF BUSHES DOWN THERE BUT I AIN'T SURE CAN YOU MAKE IT OUT,6313,4.5,16000,test,6313-66125-0001_formant,6313
data/fake_signalproc/melvoc/6313-66125-0001.wav,fake,signalproc,none,melvoc,LOOKS LIKE A CLUMP OF BUSHES DOWN THERE BUT I AIN'T SURE CAN YOU MAKE IT OUT,6313,4.496,16000,test,6313-66125-0001_melvoc,6313
data/fake_signalproc/pitch/6313-66125-0001.wav,fake,signalproc,none,pitch,LOOKS LIKE A CLUMP OF BUSHES DOWN THERE BUT I AIN'T SURE CAN YOU MAKE IT OUT,6313,4.5,16000,test,6313-66125-0001_pitch,6313
data/fake_signalproc/formant/6313-66125-0002.wav,fake,signalproc,none,formant,YES AGREED TAD THAT DOES LOOK LIKE BUSHES,6313,3.075,16000,test,6313-66125-0002_formant,6313
data/fake_signalproc/melvoc/6313-66125-0002.wav,fake,signalproc,none,melvoc,YES AGREED TAD THAT DOES LOOK LIKE BUSHES,6313,3.072,16000,test,6313-66125-0002_melvoc,6313
data/fake_signalproc/pitch/6313-66125-0002.wav,fake,signalproc,none,pitch,YES AGREED TAD THAT DOES LOOK LIKE BUSHES,6313,3.075,16000,test,6313-66125-0002_pitch,6313
data/fake_signalproc/formant/6313-66125-0003.wav,fake,signalproc,none,formant,DON'T MOVE AROUND LIE PERFECTLY STILL WARNED THE GUIDE ARE YOU HURT,6313,4.58,16000,test,6313-66125-0003_formant,6313
data/fake_signalproc/melvoc/6313-66125-0003.wav,fake,signalproc,none,melvoc,DON'T MOVE AROUND LIE PERFECTLY STILL WARNED THE GUIDE ARE YOU HURT,6313,4.576,16000,test,6313-66125-0003_melvoc,6313
data/fake_signalproc/pitch/6313-66125-0003.wav,fake,signalproc,none,pitch,DON'T MOVE AROUND LIE PERFECTLY STILL WARNED THE GUIDE ARE YOU HURT,6313,4.58,16000,test,6313-66125-0003_pitch,6313
data/fake_signalproc/formant/6313-66125-0004.wav,fake,signalproc,none,formant,AND THAT TUMBLE'S ENOUGH TO KNOCK THE SENSE OUT OF A FULL GROWN MAN,6313,3.26,16000,test,6313-66125-0004_formant,6313
data/fake_signalproc/melvoc/6313-66125-0004.wav,fake,signalproc,none,melvoc,AND THAT TUMBLE'S ENOUGH TO KNOCK THE SENSE OUT OF A FULL GROWN MAN,6313,3.256,16000,test,6313-66125-0004_melvoc,6313
data/fake_signalproc/pitch/6313-66125-0004.wav,fake,signalproc,none,pitch,AND THAT TUMBLE'S ENOUGH TO KNOCK THE SENSE OUT OF A FULL GROWN MAN,6313,3.26,16000,test,6313-66125-0004_pitch,6313
data/fake_signalproc/formant/6313-66125-0005.wav,fake,signalproc,none,formant,I COULD NOT THINK OF ALLOWING ANY OF MY CHARGES TO TAKE SO TERRIBLE A RISK AND,6313,4.64,16000,test,6313-66125-0005_formant,6313
data/fake_signalproc/melvoc/6313-66125-0005.wav,fake,signalproc,none,melvoc,I COULD NOT THINK OF ALLOWING ANY OF MY CHARGES TO TAKE SO TERRIBLE A RISK AND,6313,4.64,16000,test,6313-66125-0005_melvoc,6313
data/fake_signalproc/pitch/6313-66125-0005.wav,fake,signalproc,none,pitch,I COULD NOT THINK OF ALLOWING ANY OF MY CHARGES TO TAKE SO TERRIBLE A RISK AND,6313,4.64,16000,test,6313-66125-0005_pitch,6313
data/fake_signalproc/formant/6313-66125-0006.wav,fake,signalproc,none,formant,NO I AM THE LIGHTER OF THE TWO URGED TAD,6313,3.005,16000,test,6313-66125-0006_formant,6313
data/fake_signalproc/melvoc/6313-66125-0006.wav,fake,signalproc,none,melvoc,NO I AM THE LIGHTER OF THE TWO URGED TAD,6313,3.0,16000,test,6313-66125-0006_melvoc,6313
data/fake_signalproc/pitch/6313-66125-0006.wav,fake,signalproc,none,pitch,NO I AM THE LIGHTER OF THE TWO URGED TAD,6313,3.005,16000,test,6313-66125-0006_pitch,6313
data/fake_signalproc/formant/6313-66125-0007.wav,fake,signalproc,none,formant,I AM THE ONE TO GO AFTER WALT IF ANYONE HAS TO I'LL GO DOWN MISTER THOMAS,6313,4.93,16000,test,6313-66125-0007_formant,6313
data/fake_signalproc/melvoc/6313-66125-0007.wav,fake,signalproc,none,melvoc,I AM THE ONE TO GO AFTER WALT IF ANYONE HAS TO I'LL GO DOWN MISTER THOMAS,6313,4.928,16000,test,6313-66125-0007_melvoc,6313
data/fake_signalproc/pitch/6313-66125-0007.wav,fake,signalproc,none,pitch,I AM THE ONE TO GO AFTER WALT IF ANYONE HAS TO I'LL GO DOWN MISTER THOMAS,6313,4.93,16000,test,6313-66125-0007_pitch,6313
data/fake_signalproc/formant/6313-66125-0008.wav,fake,signalproc,none,formant,MASTER TAD IS RIGHT DECIDED THE GUIDE GAZING AT THE TWO BOYS APPROVINGLY,6313,4.49,16000,test,6313-66125-0008_formant,6313
