audio_path,label,source,clone_model,attack_type,attack_params,text,speaker_id,duration,sample_rate,split,utt_id
data/attacks/vocoder-id/LA_E_3305029.wav,real,la_p4vocid,none,vocoder-id,vocoder-id,na,LA_0001,2.553,16000,test,LA_E_3305029_vocoder-id
data/attacks/vocoder-id/LA_E_6580034.wav,real,la_p4vocid,none,vocoder-id,vocoder-id,na,LA_0001,3.667,16000,test,LA_E_6580034_vocoder-id
data/attacks/vocoder-id/LA_E_5307744.wav,real,la_p4vocid,none,vocoder-id,vocoder-id,na,LA_0002,3.114,16000,test,LA_E_5307744_vocoder-id
data/attacks/vocoder-id/LA_E_7604296.wav,real,la_p4vocid,none,vocoder-id,vocoder-id,na,LA_0002,8.061,16000,test,LA_E_7604296_vocoder-id
data/attacks/vocoder-id/LA_E_9502086.wav,real,la_p4vocid,none,vocoder-id,vocoder-id,na,LA_0003,3.878,16000,test,LA_E_9502086_vocoder-id
data/attacks/vocoder-id/LA_E_4884352.wav,real,la_p4vocid,none,vocoder-id,vocoder-id,na,LA_0003,3.412,16000,test,LA_E_4884352_vocoder-id
data/attacks/vocoder-id/LA_E_2087578.wav,real,la_p4vocid,none,vocoder-id,vocoder-id,na,LA_0004,3.328,16000,test,LA_E_2087578_vocoder-id
data/attacks/vocoder-id/LA_E_1539224.wav,real,la_p4vocid,none,vocoder-id,vocoder-id,na,LA_0004,2.811,16000,test,LA_E_1539224_vocoder-id
data/attacks/vocoder-id/LA_E_5009719.wav,real,la_p4vocid,none,vocoder-id,vocoder-id,na,LA_0004,2.941,16000,test,LA_E_5009719_vocoder-id
data/attacks/vocoder-id/LA_E_3739591.wav,real,la_p4vocid,none,vocoder-id,vocoder-id,na,LA_0004,2.641,16000,test,LA_E_3739591_vocoder-id
data/attacks/vocoder-id/LA_E_4292147.wav,real,la_p4vocid,none,vocoder-id,vocoder-id,na,LA_0005,4.304,16000,test,LA_E_4292147_vocoder-id
data/attacks/vocoder-id/LA_E_9021464.wav,real,la_p4vocid,none,vocoder-id,vocoder-id,na,LA_0005,3.323,16000,test,LA_E_9021464_vocoder-id
data/attacks/vocoder-id/LA_E_3071430.wav,real,la_p4vocid,none,vocoder-id,vocoder-id,na,LA_0006,5.673,16000,test,LA_E_3071430_vocoder-id
data/attacks/vocoder-id/LA_E_2614442.wav,real,la_p4vocid,none,vocoder-id,vocoder-id,na,LA_0006,4.525,16000,test,LA_E_2614442_vocoder-id
data/attacks/vocoder-id/LA_E_3334364.wav,real,la_p4vocid,none,vocoder-id,vocoder-id,na,LA_0006,3.921,16000,test,LA_E_3334364_vocoder-id
data/attacks/vocoder-id/LA_E_1751798.wav,real,la_p4vocid,none,vocoder-id,vocoder-id,na,LA_0006,4.176,16000,test,LA_E_1751798_vocoder-id
data/attacks/vocoder-id/LA_E_7682639.wav,real,la_p4vocid,none,vocoder-id,vocoder-id,na,LA_0007,2.425,16000,test,LA_E_7682639_vocoder-id
data/attacks/vocoder-id/LA_E_1198781.wav,real,la_p4vocid,none,vocoder-id,vocoder-id,na,LA_0007,2.088,16000,test,LA_E_1198781_vocoder-id
data/attacks/vocoder-id/LA_E_6496136.wav,real,la_p4vocid,none,vocoder-id,vocoder-id,na,LA_0008,3.666,16000,test,LA_E_6496136_vocoder-id
data/attacks/vocoder-id/LA_E_1960467.wav,real,la_p4vocid,none,vocoder-id,vocoder-id,na,LA_0008,2.767,16000,test,LA_E_1960467_vocoder-id
data/attacks/vocoder-id/LA_E_7795320.wav,real,la_p4vocid,none,vocoder-id,vocoder-id,na,LA_0008,3.413,16000,test,LA_E_7795320_vocoder-id
data/attacks/vocoder-id/LA_E_3325588.wav,real,la_p4vocid,none,vocoder-id,vocoder-id,na,LA_0008,4.942,16000,test,LA_E_3325588_vocoder-id
data/attacks/vocoder-id/LA_E_6346279.wav,real,la_p4vocid,none,vocoder-id,vocoder-id,na,LA_0009,3.453,16000,test,LA_E_6346279_vocoder-id
data/attacks/vocoder-id/LA_E_9782835.wav,real,la_p4vocid,none,vocoder-id,vocoder-id,na,LA_0009,2.641,16000,test,LA_E_9782835_vocoder-id
data/attacks/vocoder-id/LA_E_3899422.wav,real,la_p4vocid,none,vocoder-id,vocoder-id,na,LA_0009,3.455,16000,test,LA_E_3899422_vocoder-id
data/attacks/vocoder-id/LA_E_1737745.wav,real,la_p4vocid,none,vocoder-id,vocoder-id,na,LA_0009,4.176,16000,test,LA_E_1737745_vocoder-id
data/attacks/vocoder-id/LA_E_6957133.wav,real,la_p4vocid,none,vocoder-id,vocoder-id,na,LA_0010,2.341,16000,test,LA_E_6957133_vocoder-id
data/attacks/vocoder-id/LA_E_6948141.wav,real,la_p4vocid,none,vocoder-id,vocoder-id,na,LA_0010,2.473,16000,test,LA_E_6948141_vocoder-id
data/attacks/vocoder-id/LA_E_6105359.wav,real,la_p4vocid,none,vocoder-id,vocoder-id,na,LA_0010,2.175,16000,test,LA_E_6105359_vocoder-id
data/attacks/vocoder-id/LA_E_5267373.wav,real,la_p4vocid,none,vocoder-id,vocoder-id,na,LA_0010,2.558,16000,test,LA_E_5267373_vocoder-id
data/attacks/vocoder-id/LA_E_9553950.wav,real,la_p4vocid,none,vocoder-id,vocoder-id,na,LA_0011,2.683,16000,test,LA_E_9553950_vocoder-id
data/attacks/vocoder-id/LA_E_8347876.wav,real,la_p4vocid,none,vocoder-id,vocoder-id,na,LA_0011,3.024,16000,test,LA_E_8347876_vocoder-id
data/attacks/vocoder-id/LA_E_5369873.wav,real,la_p4vocid,none,vocoder-id,vocoder-id,na,LA_0012,2.087,16000,test,LA_E_5369873_vocoder-id
data/attacks/vocoder-id/LA_E_1177031.wav,real,la_p4vocid,none,vocoder-id,vocoder-id,na,LA_0012,1.659,16000,test,LA_E_1177031_vocoder-id
data/attacks/vocoder-id/LA_E_2296362.wav,real,la_p4vocid,none,vocoder-id,vocoder-id,na,LA_0012,3.796,16000,test,LA_E_2296362_vocoder-id
data/attacks/vocoder-id/LA_E_9769305.wav,real,la_p4vocid,none,vocoder-id,vocoder-id,na,LA_0012,5.03,16000,test,LA_E_9769305_vocoder-id
data/attacks/vocoder-id/LA_E_5506628.wav,real,la_p4vocid,none,vocoder-id,vocoder-id,na,LA_0013,3.319,16000,test,LA_E_5506628_vocoder-id
data/attacks/vocoder-id/LA_E_3303674.wav,real,la_p4vocid,none,vocoder-id,vocoder-id,na,LA_0013,2.757,16000,test,LA_E_3303674_vocoder-id
data/attacks/vocoder-id/LA_E_8563758.wav,real,la_p4vocid,none,vocoder-id,vocoder-id,na,LA_0014,2.856,16000,test,LA_E_8563758_vocoder-id
data/attacks/vocoder-id/LA_E_4868247.wav,real,la_p4vocid,none,vocoder-id,vocoder-id,na,LA_0014,2.857,16000,test,LA_E_4868247_vocoder-id
data/attacks/vocoder-id/LA_E_8135416.wav,real,la_p4vocid,none,vocoder-id,vocoder-id,na,LA_0014,3.191,16000,test,LA_E_8135416_vocoder-id
data/attacks/vocoder-id/LA_E_2845462.wav,real,la_p4vocid,none,vocoder-id,vocoder-id,na,LA_0014,2.041,16000,test,LA_E_2845462_vocoder-id
data/attacks/vocoder-id/LA_E_2301244.wav,real,la_p4vocid,none,vocoder-id,vocoder-id,na,LA_0015,5.88,16000,test,LA_E_2301244_vocoder-id
data/attacks/vocoder-id/LA_E_4861467.wav,real,la_p4vocid,none,vocoder-id,vocoder-id,na,LA_0015,4.426,16000,test,LA_E_4861467_vocoder-id
data/attacks/vocoder-id/LA_E_4738131.wav,real,la_p4vocid,none,vocoder-id,vocoder-id,na,LA_0016,2.897,16000,test,LA_E_4738131_vocoder-id
data/attacks/vocoder-id/LA_E_8945666.wav,real,la_p4vocid,none,vocoder-id,vocoder-id,na,LA_0016,2.254,16000,test,LA_E_8945666_vocoder-id
data/attacks/vocoder-id/LA_E_1056200.wav,real,la_p4vocid,none,vocoder-id,vocoder-id,na,LA_0016,2.04,16000,test,LA_E_1056200_vocoder-id
data/attacks/vocoder-id/LA_E_4887012.wav,real,la_p4vocid,none,vocoder-id,vocoder-id,na,LA_0016,1.831,16000,test,LA_E_4887012_vocoder-id
data/attacks/vocoder-id/LA_E_6037005.wav,real,la_p4vocid,none,vocoder-id,vocoder-id,na,LA_0017,3.787,16000,test,LA_E_6037005_vocoder-id
data/attacks/vocoder-id/LA_E_3102565.wav,real,la_p4vocid,none,vocoder-id,vocoder-id,na,LA_0017,3.067,16000,test,LA_E_3102565_vocoder-id
data/attacks/vocoder-id/LA_E_9082189.wav,real,la_p4vocid,none,vocoder-id,vocoder-id,na,LA_0017,4.137,16000,test,LA_E_9082189_vocoder-id
data/attacks/vocoder-id/LA_E_2135071.wav,real,la_p4vocid,none,vocoder-id,vocoder-id,na,LA_0017,2.937,16000,test,LA_E_2135071_vocoder-id
data/attacks/vocoder-id/LA_E_7833085.wav,real,la_p4vocid,none,vocoder-id,vocoder-id,na,LA_0018,2.55,16000,test,LA_E_7833085_vocoder-id
data/attacks/vocoder-id/LA_E_4008479.wav,real,la_p4vocid,none,vocoder-id,vocoder-id,na,LA_0018,2.642,16000,test,LA_E_4008479_vocoder-id
data/attacks/vocoder-id/LA_E_2900914.wav,real,la_p4vocid,none,vocoder-id,vocoder-id,na,LA_0019,3.281,16000,test,LA_E_2900914_vocoder-id
data/attacks/vocoder-id/LA_E_1392652.wav,real,la_p4vocid,none,vocoder-id,vocoder-id,na,LA_0019,2.509,16000,test,LA_E_1392652_vocoder-id
data/attacks/vocoder-id/LA_E_7017025.wav,real,la_p4vocid,none,vocoder-id,vocoder-id,na,LA_0019,3.024,16000,test,LA_E_7017025_vocoder-id
data/attacks/vocoder-id/LA_E_5280127.wav,real,la_p4vocid,none,vocoder-id,vocoder-id,na,LA_0019,2.428,16000,test,LA_E_5280127_vocoder-id
data/attacks/vocoder-id/LA_E_8711637.wav,real,la_p4vocid,none,vocoder-id,vocoder-id,na,LA_0020,3.279,16000,test,LA_E_8711637_vocoder-id
data/attacks/vocoder-id/LA_E_1564490.wav,real,la_p4vocid,none,vocoder-id,vocoder-id,na,LA_0020,3.961,16000,test,LA_E_1564490_vocoder-id
data/attacks/vocoder-id/LA_E_9934853.wav,real,la_p4vocid,none,vocoder-id,vocoder-id,na,LA_0020,5.113,16000,test,LA_E_9934853_vocoder-id
data/attacks/vocoder-id/LA_E_3975772.wav,real,la_p4vocid,none,vocoder-id,vocoder-id,na,LA_0020,3.873,16000,test,LA_E_3975772_vocoder-id
data/attacks/vocoder-id/LA_E_3283004.wav,real,la_p4vocid,none,vocoder-id,vocoder-id,na,LA_0021,3.279,16000,test,LA_E_3283004_vocoder-id
data/attacks/vocoder-id/LA_E_5651802.wav,real,la_p4vocid,none,vocoder-id,vocoder-id,na,LA_0021,2.56,16000,test,LA_E_5651802_vocoder-id
data/attacks/vocoder-id/LA_E_5380898.wav,real,la_p4vocid,none,vocoder-id,vocoder-id,na,LA_0022,6.1,16000,test,LA_E_5380898_vocoder-id
data/attacks/vocoder-id/LA_E_7913626.wav,real,la_p4vocid,none,vocoder-id,vocoder-id,na,LA_0022,3.841,16000,test,LA_E_7913626_vocoder-id
data/attacks/vocoder-id/LA_E_3406513.wav,real,la_p4vocid,none,vocoder-id,vocoder-id,na,LA_0022,5.031,16000,test,LA_E_3406513_vocoder-id
data/attacks/vocoder-id/LA_E_7352998.wav,real,la_p4vocid,none,vocoder-id,vocoder-id,na,LA_0022,5.5,16000,test,LA_E_7352998_vocoder-id
data/attacks/vocoder-id/LA_E_5171892.wav,real,la_p4vocid,none,vocoder-id,vocoder-id,na,LA_0023,1.787,16000,test,LA_E_5171892_vocoder-id
data/attacks/vocoder-id/LA_E_3231617.wav,real,la_p4vocid,none,vocoder-id,vocoder-id,na,LA_0023,2.982,16000,test,LA_E_3231617_vocoder-id
data/attacks/vocoder-id/LA_E_8626389.wav,real,la_p4vocid,none,vocoder-id,vocoder-id,na,LA_0024,4.951,16000,test,LA_E_8626389_vocoder-id
data/attacks/vocoder-id/LA_E_2462935.wav,real,la_p4vocid,none,vocoder-id,vocoder-id,na,LA_0024,3.327,16000,test,LA_E_2462935_vocoder-id
data/attacks/vocoder-id/LA_E_4767145.wav,real,la_p4vocid,none,vocoder-id,vocoder-id,na,LA_0024,3.705,16000,test,LA_E_4767145_vocoder-id
data/attacks/vocoder-id/LA_E_8764798.wav,real,la_p4vocid,none,vocoder-id,vocoder-id,na,LA_0024,3.576,16000,test,LA_E_8764798_vocoder-id
data/attacks/vocoder-id/LA_E_6515051.wav,real,la_p4vocid,none,vocoder-id,vocoder-id,na,LA_0025,4.687,16000,test,LA_E_6515051_vocoder-id
data/attacks/vocoder-id/LA_E_5091845.wav,real,la_p4vocid,none,vocoder-id,vocoder-id,na,LA_0025,4.091,16000,test,LA_E_5091845_vocoder-id
data/attacks/vocoder-id/LA_E_6380031.wav,real,la_p4vocid,none,vocoder-id,vocoder-id,na,LA_0026,3.149,16000,test,LA_E_6380031_vocoder-id
data/attacks/vocoder-id/LA_E_1804143.wav,real,la_p4vocid,none,vocoder-id,vocoder-id,na,LA_0026,4.815,16000,test,LA_E_1804143_vocoder-id
data/attacks/vocoder-id/LA_E_4560400.wav,real,la_p4vocid,none,vocoder-id,vocoder-id,na,LA_0026,3.835,16000,test,LA_E_4560400_vocoder-id
data/attacks/vocoder-id/LA_E_4054306.wav,real,la_p4vocid,none,vocoder-id,vocoder-id,na,LA_0026,2.727,16000,test,LA_E_4054306_vocoder-id
data/attacks/vocoder-id/LA_E_5327849.wav,real,la_p4vocid,none,vocoder-id,vocoder-id,na,LA_0027,3.877,16000,test,LA_E_5327849_vocoder-id
data/attacks/vocoder-id/LA_E_9906132.wav,real,la_p4vocid,none,vocoder-id,vocoder-id,na,LA_0027,3.629,16000,test,LA_E_9906132_vocoder-id
data/attacks/vocoder-id/LA_E_1917255.wav,real,la_p4vocid,none,vocoder-id,vocoder-id,na,LA_0027,2.899,16000,test,LA_E_1917255_vocoder-id
data/attacks/vocoder-id/LA_E_7004519.wav,real,la_p4vocid,none,vocoder-id,vocoder-id,na,LA_0027,3.106,16000,test,LA_E_7004519_vocoder-id
data/attacks/vocoder-id/LA_E_8444573.wav,real,la_p4vocid,none,vocoder-id,vocoder-id,na,LA_0028,3.369,16000,test,LA_E_8444573_vocoder-id
data/attacks/vocoder-id/LA_E_6134868.wav,real,la_p4vocid,none,vocoder-id,vocoder-id,na,LA_0028,2.514,16000,test,LA_E_6134868_vocoder-id
data/attacks/vocoder-id/LA_E_7543874.wav,real,la_p4vocid,none,vocoder-id,vocoder-id,na,LA_0029,3.708,16000,test,LA_E_7543874_vocoder-id
data/attacks/vocoder-id/LA_E_7290282.wav,real,la_p4vocid,none,vocoder-id,vocoder-id,na,LA_0029,3.151,16000,test,LA_E_7290282_vocoder-id
data/attacks/vocoder-id/LA_E_1441284.wav,real,la_p4vocid,none,vocoder-id,vocoder-id,na,LA_0029,2.978,16000,test,LA_E_1441284_vocoder-id
data/attacks/vocoder-id/LA_E_1815191.wav,real,la_p4vocid,none,vocoder-id,vocoder-id,na,LA_0029,3.625,16000,test,LA_E_1815191_vocoder-id
data/attacks/vocoder-id/LA_E_9138143.wav,real,la_p4vocid,none,vocoder-id,vocoder-id,na,LA_0030,4.735,16000,test,LA_E_9138143_vocoder-id
data/attacks/vocoder-id/LA_E_3486569.wav,real,la_p4vocid,none,vocoder-id,vocoder-id,na,LA_0030,3.279,16000,test,LA_E_3486569_vocoder-id
data/attacks/vocoder-id/LA_E_8832325.wav,real,la_p4vocid,none,vocoder-id,vocoder-id,na,LA_0031,3.074,16000,test,LA_E_8832325_vocoder-id
data/attacks/vocoder-id/LA_E_2144572.wav,real,la_p4vocid,none,vocoder-id,vocoder-id,na,LA_0031,3.966,16000,test,LA_E_2144572_vocoder-id
data/attacks/vocoder-id/LA_E_5075675.wav,real,la_p4vocid,none,vocoder-id,vocoder-id,na,LA_0031,1.879,16000,test,LA_E_5075675_vocoder-id
data/attacks/vocoder-id/LA_E_3590990.wav,real,la_p4vocid,none,vocoder-id,vocoder-id,na,LA_0031,3.369,16000,test,LA_E_3590990_vocoder-id
data/attacks/vocoder-id/LA_E_6758527.wav,real,la_p4vocid,none,vocoder-id,vocoder-id,na,LA_0032,6.441,16000,test,LA_E_6758527_vocoder-id
data/attacks/vocoder-id/LA_E_2952558.wav,real,la_p4vocid,none,vocoder-id,vocoder-id,na,LA_0032,4.267,16000,test,LA_E_2952558_vocoder-id
data/attacks/vocoder-id/LA_E_3534890.wav,real,la_p4vocid,none,vocoder-id,vocoder-id,na,LA_0033,2.214,16000,test,LA_E_3534890_vocoder-id
data/attacks/vocoder-id/LA_E_6961006.wav,real,la_p4vocid,none,vocoder-id,vocoder-id,na,LA_0033,2.767,16000,test,LA_E_6961006_vocoder-id
data/attacks/vocoder-id/LA_E_2026661.wav,real,la_p4vocid,none,vocoder-id,vocoder-id,na,LA_0033,5.46,16000,test,LA_E_2026661_vocoder-id
data/attacks/vocoder-id/LA_E_3568970.wav,real,la_p4vocid,none,vocoder-id,vocoder-id,na,LA_0033,2.601,16000,test,LA_E_3568970_vocoder-id
data/attacks/vocoder-id/LA_E_1783411.wav,real,la_p4vocid,none,vocoder-id,vocoder-id,na,LA_0034,3.371,16000,test,LA_E_1783411_vocoder-id
data/attacks/vocoder-id/LA_E_9501461.wav,real,la_p4vocid,none,vocoder-id,vocoder-id,na,LA_0034,4.478,16000,test,LA_E_9501461_vocoder-id
data/attacks/vocoder-id/LA_E_6465809.wav,real,la_p4vocid,none,vocoder-id,vocoder-id,na,LA_0034,4.348,16000,test,LA_E_6465809_vocoder-id
data/attacks/vocoder-id/LA_E_8219414.wav,real,la_p4vocid,none,vocoder-id,vocoder-id,na,LA_0034,3.154,16000,test,LA_E_8219414_vocoder-id
data/attacks/vocoder-id/LA_E_6057217.wav,real,la_p4vocid,none,vocoder-id,vocoder-id,na,LA_0035,3.411,16000,test,LA_E_6057217_vocoder-id
data/attacks/vocoder-id/LA_E_9685531.wav,real,la_p4vocid,none,vocoder-id,vocoder-id,na,LA_0035,4.389,16000,test,LA_E_9685531_vocoder-id
data/attacks/vocoder-id/LA_E_5239519.wav,real,la_p4vocid,none,vocoder-id,vocoder-id,na,LA_0035,3.107,16000,test,LA_E_5239519_vocoder-id
data/attacks/vocoder-id/LA_E_1319921.wav,real,la_p4vocid,none,vocoder-id,vocoder-id,na,LA_0035,3.403,16000,test,LA_E_1319921_vocoder-id
data/attacks/vocoder-id/LA_E_4916170.wav,real,la_p4vocid,none,vocoder-id,vocoder-id,na,LA_0036,3.832,16000,test,LA_E_4916170_vocoder-id
data/attacks/vocoder-id/LA_E_8554579.wav,real,la_p4vocid,none,vocoder-id,vocoder-id,na,LA_0036,3.366,16000,test,LA_E_8554579_vocoder-id
data/attacks/vocoder-id/LA_E_4310858.wav,real,la_p4vocid,none,vocoder-id,vocoder-id,na,LA_0037,3.622,16000,test,LA_E_4310858_vocoder-id
data/attacks/vocoder-id/LA_E_5303704.wav,real,la_p4vocid,none,vocoder-id,vocoder-id,na,LA_0037,2.815,16000,test,LA_E_5303704_vocoder-id
data/attacks/vocoder-id/LA_E_6006583.wav,real,la_p4vocid,none,vocoder-id,vocoder-id,na,LA_0037,2.981,16000,test,LA_E_6006583_vocoder-id
data/attacks/vocoder-id/LA_E_8218457.wav,real,la_p4vocid,none,vocoder-id,vocoder-id,na,LA_0037,3.158,16000,test,LA_E_8218457_vocoder-id
data/attacks/vocoder-id/LA_E_4471017.wav,real,la_p4vocid,none,vocoder-id,vocoder-id,na,LA_0038,6.779,16000,test,LA_E_4471017_vocoder-id
data/attacks/vocoder-id/LA_E_7539391.wav,real,la_p4vocid,none,vocoder-id,vocoder-id,na,LA_0038,4.944,16000,test,LA_E_7539391_vocoder-id
data/attacks/vocoder-id/LA_E_6863548.wav,real,la_p4vocid,none,vocoder-id,vocoder-id,na,LA_0039,3.791,16000,test,LA_E_6863548_vocoder-id
data/attacks/vocoder-id/LA_E_9291955.wav,real,la_p4vocid,none,vocoder-id,vocoder-id,na,LA_0039,2.507,16000,test,LA_E_9291955_vocoder-id
data/attacks/vocoder-id/LA_E_7075719.wav,real,la_p4vocid,none,vocoder-id,vocoder-id,na,LA_0039,3.321,16000,test,LA_E_7075719_vocoder-id
data/attacks/vocoder-id/LA_E_1005795.wav,real,la_p4vocid,none,vocoder-id,vocoder-id,na,LA_0039,3.541,16000,test,LA_E_1005795_vocoder-id
data/attacks/vocoder-id/LA_E_2288295.wav,real,la_p4vocid,none,vocoder-id,vocoder-id,na,LA_0040,4.776,16000,test,LA_E_2288295_vocoder-id
data/attacks/vocoder-id/LA_E_7484191.wav,real,la_p4vocid,none,vocoder-id,vocoder-id,na,LA_0040,2.898,16000,test,LA_E_7484191_vocoder-id
data/attacks/vocoder-id/LA_E_2670831.wav,real,la_p4vocid,none,vocoder-id,vocoder-id,na,LA_0041,1.833,16000,test,LA_E_2670831_vocoder-id
data/attacks/vocoder-id/LA_E_2394889.wav,real,la_p4vocid,none,vocoder-id,vocoder-id,na,LA_0041,3.622,16000,test,LA_E_2394889_vocoder-id
data/attacks/vocoder-id/LA_E_6754209.wav,real,la_p4vocid,none,vocoder-id,vocoder-id,na,LA_0041,3.708,16000,test,LA_E_6754209_vocoder-id
data/attacks/vocoder-id/LA_E_6958235.wav,real,la_p4vocid,none,vocoder-id,vocoder-id,na,LA_0041,1.657,16000,test,LA_E_6958235_vocoder-id
data/attacks/vocoder-id/LA_E_1299659.wav,real,la_p4vocid,none,vocoder-id,vocoder-id,na,LA_0042,2.769,16000,test,LA_E_1299659_vocoder-id
data/attacks/vocoder-id/LA_E_2801699.wav,real,la_p4vocid,none,vocoder-id,vocoder-id,na,LA_0042,3.237,16000,test,LA_E_2801699_vocoder-id
data/attacks/vocoder-id/LA_E_6482354.wav,real,la_p4vocid,none,vocoder-id,vocoder-id,na,LA_0042,2.645,16000,test,LA_E_6482354_vocoder-id
data/attacks/vocoder-id/LA_E_7622296.wav,real,la_p4vocid,none,vocoder-id,vocoder-id,na,LA_0042,2.769,16000,test,LA_E_7622296_vocoder-id
data/attacks/vocoder-id/LA_E_4150719.wav,real,la_p4vocid,none,vocoder-id,vocoder-id,na,LA_0043,2.684,16000,test,LA_E_4150719_vocoder-id
data/attacks/vocoder-id/LA_E_3806263.wav,real,la_p4vocid,none,vocoder-id,vocoder-id,na,LA_0043,2.933,16000,test,LA_E_3806263_vocoder-id
data/attacks/vocoder-id/LA_E_8410941.wav,real,la_p4vocid,none,vocoder-id,vocoder-id,na,LA_0043,3.666,16000,test,LA_E_8410941_vocoder-id
data/attacks/vocoder-id/LA_E_7682962.wav,real,la_p4vocid,none,vocoder-id,vocoder-id,na,LA_0043,3.365,16000,test,LA_E_7682962_vocoder-id
data/attacks/vocoder-id/LA_E_5167923.wav,real,la_p4vocid,none,vocoder-id,vocoder-id,na,LA_0044,3.323,16000,test,LA_E_5167923_vocoder-id
data/attacks/vocoder-id/LA_E_5156636.wav,real,la_p4vocid,none,vocoder-id,vocoder-id,na,LA_0044,3.195,16000,test,LA_E_5156636_vocoder-id
data/attacks/vocoder-id/LA_E_9739458.wav,real,la_p4vocid,none,vocoder-id,vocoder-id,na,LA_0045,3.623,16000,test,LA_E_9739458_vocoder-id
data/attacks/vocoder-id/LA_E_3727595.wav,real,la_p4vocid,none,vocoder-id,vocoder-id,na,LA_0045,3.366,16000,test,LA_E_3727595_vocoder-id
data/attacks/vocoder-id/LA_E_6706975.wav,real,la_p4vocid,none,vocoder-id,vocoder-id,na,LA_0045,3.321,16000,test,LA_E_6706975_vocoder-id
data/attacks/vocoder-id/LA_E_7282079.wav,real,la_p4vocid,none,vocoder-id,vocoder-id,na,LA_0045,3.156,16000,test,LA_E_7282079_vocoder-id
data/attacks/vocoder-id/LA_E_9505288.wav,real,la_p4vocid,none,vocoder-id,vocoder-id,na,LA_0046,4.131,16000,test,LA_E_9505288_vocoder-id
data/attacks/vocoder-id/LA_E_5450657.wav,real,la_p4vocid,none,vocoder-id,vocoder-id,na,LA_0046,3.196,16000,test,LA_E_5450657_vocoder-id
data/attacks/vocoder-id/LA_E_7897801.wav,real,la_p4vocid,none,vocoder-id,vocoder-id,na,LA_0047,2.811,16000,test,LA_E_7897801_vocoder-id
data/attacks/vocoder-id/LA_E_1017049.wav,real,la_p4vocid,none,vocoder-id,vocoder-id,na,LA_0047,3.495,16000,test,LA_E_1017049_vocoder-id
data/attacks/vocoder-id/LA_E_2921332.wav,real,la_p4vocid,none,vocoder-id,vocoder-id,na,LA_0047,4.431,16000,test,LA_E_2921332_vocoder-id
data/attacks/vocoder-id/LA_E_6222625.wav,real,la_p4vocid,none,vocoder-id,vocoder-id,na,LA_0047,3.574,16000,test,LA_E_6222625_vocoder-id
data/attacks/vocoder-id/LA_E_7318100.wav,real,la_p4vocid,none,vocoder-id,vocoder-id,na,LA_0048,4.136,16000,test,LA_E_7318100_vocoder-id
data/attacks/vocoder-id/LA_E_9687809.wav,real,la_p4vocid,none,vocoder-id,vocoder-id,na,LA_0048,5.027,16000,test,LA_E_9687809_vocoder-id
data/attacks/vocoder-id/LA_E_2987280.wav,real,la_p4vocid,none,vocoder-id,vocoder-id,na,LA_0049,3.024,16000,test,LA_E_2987280_vocoder-id
data/attacks/vocoder-id/LA_E_9954768.wav,real,la_p4vocid,none,vocoder-id,vocoder-id,na,LA_0049,2.94,16000,test,LA_E_9954768_vocoder-id
data/attacks/vocoder-id/LA_E_7563039.wav,real,la_p4vocid,none,vocoder-id,vocoder-id,na,LA_0049,2.942,16000,test,LA_E_7563039_vocoder-id
data/attacks/vocoder-id/LA_E_4845413.wav,real,la_p4vocid,none,vocoder-id,vocoder-id,na,LA_0050,4.054,16000,test,LA_E_4845413_vocoder-id
data/attacks/vocoder-id/LA_E_5269639.wav,real,la_p4vocid,none,vocoder-id,vocoder-id,na,LA_0050,3.751,16000,test,LA_E_5269639_vocoder-id
data/attacks/vocoder-id/LA_E_7277286.wav,real,la_p4vocid,none,vocoder-id,vocoder-id,na,LA_0050,3.246,16000,test,LA_E_7277286_vocoder-id
data/attacks/vocoder-id/LA_E_6740771.wav,real,la_p4vocid,none,vocoder-id,vocoder-id,na,LA_0051,4.69,16000,test,LA_E_6740771_vocoder-id
data/attacks/vocoder-id/LA_E_3997720.wav,real,la_p4vocid,none,vocoder-id,vocoder-id,na,LA_0051,2.088,16000,test,LA_E_3997720_vocoder-id
data/attacks/vocoder-id/LA_E_6237402.wav,real,la_p4vocid,none,vocoder-id,vocoder-id,na,LA_0051,4.047,16000,test,LA_E_6237402_vocoder-id
data/attacks/vocoder-id/LA_E_1696904.wav,real,la_p4vocid,none,vocoder-id,vocoder-id,na,LA_0052,3.883,16000,test,LA_E_1696904_vocoder-id
data/attacks/vocoder-id/LA_E_7769419.wav,real,la_p4vocid,none,vocoder-id,vocoder-id,na,LA_0052,3.918,16000,test,LA_E_7769419_vocoder-id
data/attacks/vocoder-id/LA_E_2061550.wav,real,la_p4vocid,none,vocoder-id,vocoder-id,na,LA_0052,3.582,16000,test,LA_E_2061550_vocoder-id
data/attacks/vocoder-id/LA_E_5645003.wav,real,la_p4vocid,none,vocoder-id,vocoder-id,na,LA_0053,2.726,16000,test,LA_E_5645003_vocoder-id
data/attacks/vocoder-id/LA_E_9722693.wav,real,la_p4vocid,none,vocoder-id,vocoder-id,na,LA_0053,3.88,16000,test,LA_E_9722693_vocoder-id
data/attacks/vocoder-id/LA_E_4723892.wav,real,la_p4vocid,none,vocoder-id,vocoder-id,na,LA_0053,2.849,16000,test,LA_E_4723892_vocoder-id
data/attacks/vocoder-id/LA_E_7264581.wav,real,la_p4vocid,none,vocoder-id,vocoder-id,na,LA_0054,2.855,16000,test,LA_E_7264581_vocoder-id
data/attacks/vocoder-id/LA_E_4359358.wav,real,la_p4vocid,none,vocoder-id,vocoder-id,na,LA_0054,2.217,16000,test,LA_E_4359358_vocoder-id
data/attacks/vocoder-id/LA_E_2239510.wav,real,la_p4vocid,none,vocoder-id,vocoder-id,na,LA_0054,3.029,16000,test,LA_E_2239510_vocoder-id
data/attacks/vocoder-id/LA_E_1092011.wav,real,la_p4vocid,none,vocoder-id,vocoder-id,na,LA_0055,4.859,16000,test,LA_E_1092011_vocoder-id
data/attacks/vocoder-id/LA_E_7602365.wav,real,la_p4vocid,none,vocoder-id,vocoder-id,na,LA_0055,4.779,16000,test,LA_E_7602365_vocoder-id
data/attacks/vocoder-id/LA_E_4850441.wav,real,la_p4vocid,none,vocoder-id,vocoder-id,na,LA_0055,2.557,16000,test,LA_E_4850441_vocoder-id
data/attacks/vocoder-id/LA_E_5356954.wav,real,la_p4vocid,none,vocoder-id,vocoder-id,na,LA_0056,3.234,16000,test,LA_E_5356954_vocoder-id
data/attacks/vocoder-id/LA_E_8687725.wav,real,la_p4vocid,none,vocoder-id,vocoder-id,na,LA_0056,2.468,16000,test,LA_E_8687725_vocoder-id
data/attacks/vocoder-id/LA_E_1253524.wav,real,la_p4vocid,none,vocoder-id,vocoder-id,na,LA_0056,2.683,16000,test,LA_E_1253524_vocoder-id
data/attacks/vocoder-id/LA_E_5731886.wav,real,la_p4vocid,none,vocoder-id,vocoder-id,na,LA_0057,2.515,16000,test,LA_E_5731886_vocoder-id
data/attacks/vocoder-id/LA_E_7304633.wav,real,la_p4vocid,none,vocoder-id,vocoder-id,na,LA_0057,2.049,16000,test,LA_E_7304633_vocoder-id
data/attacks/vocoder-id/LA_E_8462873.wav,real,la_p4vocid,none,vocoder-id,vocoder-id,na,LA_0057,1.962,16000,test,LA_E_8462873_vocoder-id
data/attacks/vocoder-id/LA_E_2366626.wav,real,la_p4vocid,none,vocoder-id,vocoder-id,na,LA_0058,2.47,16000,test,LA_E_2366626_vocoder-id
data/attacks/vocoder-id/LA_E_2362333.wav,real,la_p4vocid,none,vocoder-id,vocoder-id,na,LA_0058,2.982,16000,test,LA_E_2362333_vocoder-id
data/attacks/vocoder-id/LA_E_6679260.wav,real,la_p4vocid,none,vocoder-id,vocoder-id,na,LA_0058,3.365,16000,test,LA_E_6679260_vocoder-id
data/attacks/vocoder-id/LA_E_7437876.wav,real,la_p4vocid,none,vocoder-id,vocoder-id,na,LA_0059,4.008,16000,test,LA_E_7437876_vocoder-id
data/attacks/vocoder-id/LA_E_7605406.wav,real,la_p4vocid,none,vocoder-id,vocoder-id,na,LA_0059,3.837,16000,test,LA_E_7605406_vocoder-id
data/attacks/vocoder-id/LA_E_5397934.wav,real,la_p4vocid,none,vocoder-id,vocoder-id,na,LA_0059,4.218,16000,test,LA_E_5397934_vocoder-id
data/attacks/vocoder-id/LA_E_4001999.wav,real,la_p4vocid,none,vocoder-id,vocoder-id,na,LA_0060,2.772,16000,test,LA_E_4001999_vocoder-id
data/attacks/vocoder-id/LA_E_5033229.wav,real,la_p4vocid,none,vocoder-id,vocoder-id,na,LA_0060,3.412,16000,test,LA_E_5033229_vocoder-id
data/attacks/vocoder-id/LA_E_5163080.wav,real,la_p4vocid,none,vocoder-id,vocoder-id,na,LA_0060,3.066,16000,test,LA_E_5163080_vocoder-id
data/attacks/vocoder-id/LA_E_6373923.wav,real,la_p4vocid,none,vocoder-id,vocoder-id,na,LA_0061,2.128,16000,test,LA_E_6373923_vocoder-id
data/attacks/vocoder-id/LA_E_3105878.wav,real,la_p4vocid,none,vocoder-id,vocoder-id,na,LA_0061,2.389,16000,test,LA_E_3105878_vocoder-id
data/attacks/vocoder-id/LA_E_9377307.wav,real,la_p4vocid,none,vocoder-id,vocoder-id,na,LA_0061,2.728,16000,test,LA_E_9377307_vocoder-id
data/attacks/vocoder-id/LA_E_6217699.wav,real,la_p4vocid,none,vocoder-id,vocoder-id,na,LA_0063,2.474,16000,test,LA_E_6217699_vocoder-id
data/attacks/vocoder-id/LA_E_3902702.wav,real,la_p4vocid,none,vocoder-id,vocoder-id,na,LA_0063,3.404,16000,test,LA_E_3902702_vocoder-id
data/attacks/vocoder-id/LA_E_1439904.wav,real,la_p4vocid,none,vocoder-id,vocoder-id,na,LA_0063,3.535,16000,test,LA_E_1439904_vocoder-id
data/attacks/vocoder-id/LA_E_9757127.wav,real,la_p4vocid,none,vocoder-id,vocoder-id,na,LA_0064,3.41,16000,test,LA_E_9757127_vocoder-id
data/attacks/vocoder-id/LA_E_2165709.wav,real,la_p4vocid,none,vocoder-id,vocoder-id,na,LA_0064,2.553,16000,test,LA_E_2165709_vocoder-id
data/attacks/vocoder-id/LA_E_9223764.wav,real,la_p4vocid,none,vocoder-id,vocoder-id,na,LA_0064,2.596,16000,test,LA_E_9223764_vocoder-id
data/attacks/vocoder-id/LA_E_3088318.wav,real,la_p4vocid,none,vocoder-id,vocoder-id,na,LA_0065,2.769,16000,test,LA_E_3088318_vocoder-id
data/attacks/vocoder-id/LA_E_7603920.wav,real,la_p4vocid,none,vocoder-id,vocoder-id,na,LA_0065,2.894,16000,test,LA_E_7603920_vocoder-id
data/attacks/vocoder-id/LA_E_8151959.wav,real,la_p4vocid,none,vocoder-id,vocoder-id,na,LA_0065,3.834,16000,test,LA_E_8151959_vocoder-id
data/attacks/vocoder-id/LA_E_4537790.wav,real,la_p4vocid,none,vocoder-id,vocoder-id,na,LA_0066,6.104,16000,test,LA_E_4537790_vocoder-id
data/attacks/vocoder-id/LA_E_7482442.wav,real,la_p4vocid,none,vocoder-id,vocoder-id,na,LA_0066,6.527,16000,test,LA_E_7482442_vocoder-id
