audio_path,label,source,clone_model,attack_type,text,speaker_id,duration,sample_rate,split,utt_id
data/real/2277/2277-149896-0000.flac,real,LibriSpeech,none,none,HE WAS IN A FEVERED STATE OF MIND OWING TO THE BLIGHT HIS WIFE'S ACTION THREATENED TO CAST UPON HIS ENTIRE FUTURE,2277,6.59,16000,train,2277-149896-0000
data/real/2277/2277-149896-0001.flac,real,LibriSpeech,none,none,HE WOULD HAVE TO PAY HER THE MONEY WHICH SHE WOULD NOW REGULARLY DEMAND OR THERE WOULD BE TROUBLE IT DID NOT MATTER WHAT HE DID,2277,7.145,16000,train,2277-149896-0001
data/real/2277/2277-149896-0002.flac,real,LibriSpeech,none,none,HURSTWOOD WALKED THE FLOOR MENTALLY ARRANGING THE CHIEF POINTS OF HIS SITUATION,2277,4.835,16000,train,2277-149896-0002
data/real/2277/2277-149896-0003.flac,real,LibriSpeech,none,none,HE ALSO THOUGHT OF HIS MANAGERIAL POSITION,2277,2.84,16000,train,2277-149896-0003
data/real/2277/2277-149896-0004.flac,real,LibriSpeech,none,none,HOW WOULD THE PAPERS TALK ABOUT IT,2277,1.955,16000,train,2277-149896-0004
data/real/2277/2277-149896-0005.flac,real,LibriSpeech,none,none,MANY LITTLE WRINKLES GATHERED BETWEEN HIS EYES AS HE CONTEMPLATED THIS AND HIS BROW MOISTENED,2277,5.6,16000,train,2277-149896-0005
data/real/2277/2277-149896-0006.flac,real,LibriSpeech,none,none,HE COULD ARRANGE THAT SATISFACTORILY FOR CARRIE WOULD BE GLAD TO WAIT IF NECESSARY,2277,4.97,16000,train,2277-149896-0006
data/real/2277/2277-149896-0007.flac,real,LibriSpeech,none,none,HE WOULD SEE HOW THINGS TURNED OUT TO MORROW AND THEN HE WOULD TALK TO HER THEY WERE GOING TO MEET AS USUAL,2277,5.375,16000,train,2277-149896-0007
data/real/2277/2277-149896-0008.flac,real,LibriSpeech,none,none,FOR SOME REASON HE FELT AS IF SOMETHING MIGHT COME THAT WAY AND WAS RELIEVED WHEN ALL THE ENVELOPES HAD BEEN SCANNED AND NOTHING SUSPICIOUS NOTICED,2277,6.94,16000,train,2277-149896-0008
data/real/2277/2277-149896-0009.flac,real,LibriSpeech,none,none,WHILE THE DANGER HAD NOT LESSENED IT HAD NOT AS YET MATERIALISED AND WITH HIM NO NEWS WAS GOOD NEWS,2277,5.815,16000,train,2277-149896-0009
data/real/2277/2277-149896-0010.flac,real,LibriSpeech,none,none,SO LITTLE DID HE CONSIDER DROUET THAT IT NEVER ONCE OCCURRED TO HIM TO WORRY ABOUT HIS FINDING OUT,2277,5.275,16000,train,2277-149896-0010
data/real/2277/2277-149896-0011.flac,real,LibriSpeech,none,none,HE GREW RESTLESS AS HE RUMINATED AND THEN DECIDED THAT PERHAPS IT WAS NOTHING,2277,4.465,16000,train,2277-149896-0011
data/real/2277/2277-149896-0012.flac,real,LibriSpeech,none,none,SHE HAD NOT BEEN ABLE TO GET AWAY THIS MORNING,2277,2.495,16000,train,2277-149896-0012
data/real/2277/2277-149896-0013.flac,real,LibriSpeech,none,none,HE WOULD GET ONE TO DAY IT WOULD PROBABLY BE ON HIS DESK WHEN HE GOT BACK HE WOULD LOOK FOR IT AT ONCE,2277,6.09,16000,train,2277-149896-0013
data/real/2277/2277-149896-0014.flac,real,LibriSpeech,none,none,AFTER A TIME HE GAVE UP WAITING AND DREARILY HEADED FOR THE MADISON CAR,2277,4.07,16000,train,2277-149896-0014
data/real/2277/2277-149896-0015.flac,real,LibriSpeech,none,none,HE WENT IN AND EXAMINED HIS LETTERS BUT THERE WAS NOTHING FROM CARRIE,2277,3.675,16000,train,2277-149896-0015
data/real/2277/2277-149896-0016.flac,real,LibriSpeech,none,none,FORTUNATELY THERE WAS NOTHING FROM HIS WIFE EITHER,2277,2.785,16000,train,2277-149896-0016
data/real/2277/2277-149896-0017.flac,real,LibriSpeech,none,none,AT ONE THIRTY HE WENT TO RECTOR'S FOR LUNCH AND WHEN HE RETURNED A MESSENGER WAS WAITING FOR HIM,2277,4.985,16000,train,2277-149896-0017
data/real/2277/2277-149896-0018.flac,real,LibriSpeech,none,none,HIS FIRST IMPULSE WAS TO WRITE BUT FOUR WORDS IN REPLY GO TO THE DEVIL,2277,4.545,16000,train,2277-149896-0018
data/real/2277/2277-149896-0019.flac,real,LibriSpeech,none,none,BUT HE COMPROMISED BY TELLING THE BOY THAT THERE WOULD BE NO REPLY,2277,3.56,16000,train,2277-149896-0019
data/real/2277/2277-149896-0020.flac,real,LibriSpeech,none,none,THEN HE SAT DOWN IN HIS CHAIR AND GAZED WITHOUT SEEING CONTEMPLATING THE RESULT OF HIS WORK,2277,5.285,16000,train,2277-149896-0020
data/real/2277/2277-149896-0021.flac,real,LibriSpeech,none,none,WHAT WOULD SHE DO ABOUT THAT THE CONFOUNDED WRETCH,2277,3.37,16000,train,2277-149896-0021
data/real/2277/2277-149896-0022.flac,real,LibriSpeech,none,none,LATER HOWEVER HIS OLD DISCRETION ASSERTED ITSELF,2277,3.38,16000,train,2277-149896-0022
data/real/2277/2277-149896-0023.flac,real,LibriSpeech,none,none,SOMETHING HAD TO BE DONE A CLIMAX WAS NEAR AND SHE WOULD NOT SIT IDLE,2277,3.89,16000,train,2277-149896-0023
data/real/2277/2277-149896-0024.flac,real,LibriSpeech,none,none,HE KNEW HER WELL ENOUGH TO KNOW THAT WHEN SHE HAD DECIDED UPON A PLAN SHE WOULD FOLLOW IT UP,2277,4.5,16000,train,2277-149896-0024
data/real/2277/2277-149896-0025.flac,real,LibriSpeech,none,none,HE AROSE FROM HIS CHAIR AND WENT AND LOOKED OUT INTO THE STREET,2277,3.4,16000,train,2277-149896-0025
data/real/2277/2277-149896-0026.flac,real,LibriSpeech,none,none,THE LONG DRIZZLE HAD BEGUN PEDESTRIANS HAD TURNED UP COLLARS AND TROUSERS AT THE BOTTOM,2277,4.92,16000,train,2277-149896-0026
data/real/2277/2277-149896-0027.flac,real,LibriSpeech,none,none,HURSTWOOD ALMOST EXCLAIMED OUT LOUD AT THE INSISTENCY OF THIS THING,2277,3.595,16000,train,2277-149896-0027
data/real/2277/2277-149896-0028.flac,real,LibriSpeech,none,none,HE PUT ON HIS HAT AND LOOKED AROUND FOR HIS UMBRELLA,2277,2.9,16000,train,2277-149896-0028
data/real/2277/2277-149896-0029.flac,real,LibriSpeech,none,none,HE WOULD HAVE SOME ARRANGEMENT OF THIS THING,2277,2.6,16000,train,2277-149896-0029
data/real/2277/2277-149896-0030.flac,real,LibriSpeech,none,none,HE BEGAN TO WISH THAT HE HAD COMPROMISED IN SOME WAY OR OTHER THAT HE HAD SENT THE MONEY PERHAPS HE COULD DO IT UP HERE,2277,6.3,16000,train,2277-149896-0030
data/real/2277/2277-149896-0031.flac,real,LibriSpeech,none,none,HE WOULD GO IN AND SEE ANYHOW HE WOULD HAVE NO ROW,2277,3.61,16000,train,2277-149896-0031
data/real/2277/2277-149896-0032.flac,real,LibriSpeech,none,none,BY THE TIME HE REACHED HIS OWN STREET HE WAS KEENLY ALIVE TO THE DIFFICULTIES OF HIS SITUATION AND WISHED OVER AND OVER THAT SOME SOLUTION WOULD OFFER ITSELF THAT HE COULD SEE HIS WAY OUT,2277,10.77,16000,train,2277-149896-0032
data/real/2277/2277-149896-0033.flac,real,LibriSpeech,none,none,THEN HE RANG THE BELL NO ANSWER,2277,2.845,16000,train,2277-149896-0033
data/real/2277/2277-149896-0034.flac,real,LibriSpeech,none,none,HE RANG AGAIN THIS TIME HARDER STILL NO ANSWER,2277,4.005,16000,train,2277-149896-0034
data/real/2277/2277-149897-0000.flac,real,LibriSpeech,none,none,WHEN HURSTWOOD GOT BACK TO HIS OFFICE AGAIN HE WAS IN A GREATER QUANDARY THAN EVER,2277,4.395,16000,train,2277-149897-0000
data/real/2277/2277-149897-0001.flac,real,LibriSpeech,none,none,HE COULD HARDLY REALISE HOW IT HAD ALL COME ABOUT,2277,2.755,16000,train,2277-149897-0001
data/real/2277/2277-149897-0002.flac,real,LibriSpeech,none,none,NO LETTER HAD COME NO WORD OF ANY KIND AND YET HERE IT WAS LATE IN THE EVENING AND SHE HAD AGREED TO MEET HIM THAT MORNING,2277,6.54,16000,train,2277-149897-0002
data/real/2277/2277-149897-0003.flac,real,LibriSpeech,none,none,HE SAW THAT IN THE EXCITEMENT OF RECENT EVENTS HE HAD NOT FORMULATED A PLAN UPON THAT SCORE,2277,4.84,16000,train,2277-149897-0003
data/real/2277/2277-149897-0004.flac,real,LibriSpeech,none,none,HE WAS GETTING SOME VAGUE COMFORT OUT OF A GOOD CIGAR BUT IT WAS NO PANACEA FOR THE ILL WHICH AFFECTED HIM,2277,5.735,16000,train,2277-149897-0004
data/real/2277/2277-149897-0005.flac,real,LibriSpeech,none,none,IT WAS WITH GREAT OPPOSITION AFTER TWO OR THREE HOURS OF THE MOST URGENT MENTAL AFFIRMATION AND DENIAL THAT AT LAST HE GOT AN ENVELOPE PLACED IN IT THE REQUESTED AMOUNT AND SLOWLY SEALED IT UP,2277,11.465,16000,train,2277-149897-0005
data/real/2277/2277-149897-0006.flac,real,LibriSpeech,none,none,THEN HE CALLED HARRY THE BOY OF ALL WORK AROUND THE PLACE,2277,3.385,16000,train,2277-149897-0006
data/real/2277/2277-149897-0007.flac,real,LibriSpeech,none,none,YOU TAKE THIS TO THIS ADDRESS HE SAID HANDING HIM THE ENVELOPE AND GIVE IT TO MISSUS HURSTWOOD YES SIR SAID THE BOY,2277,7.855,16000,train,2277-149897-0007
data/real/2277/2277-149897-0008.flac,real,LibriSpeech,none,none,ANY ANSWER I GUESS NOT,2277,2.88,16000,train,2277-149897-0008
data/real/2277/2277-149897-0009.flac,real,LibriSpeech,none,none,THE BOY HASTENED AWAY AND THE MANAGER FELL TO HIS MUSINGS,2277,3.725,16000,train,2277-149897-0009
data/real/2277/2277-149897-0010.flac,real,LibriSpeech,none,none,HE WAS BEATEN FOR TO NIGHT AND HE MIGHT JUST AS WELL MAKE THE BEST OF IT,2277,3.625,16000,train,2277-149897-0010
data/real/2277/2277-149897-0011.flac,real,LibriSpeech,none,none,SHE WOULD TAKE THE ENVELOPE AND KNOW THAT SHE HAD TRIUMPHED,2277,3.3,16000,train,2277-149897-0011
data/real/2277/2277-149897-0012.flac,real,LibriSpeech,none,none,IF HE ONLY HAD THAT LETTER BACK HE WOULDN'T SEND IT,2277,3.09,16000,train,2277-149897-0012
data/real/2277/2277-149897-0013.flac,real,LibriSpeech,none,none,FOR RELIEF HE AROSE AND JOINED IN CONVERSATION WITH A FEW FRIENDS WHO WERE DRINKING,2277,4.415,16000,train,2277-149897-0013
data/real/2277/2277-149897-0014.flac,real,LibriSpeech,none,none,ALL THE TIME HIS THOUGHTS WOULD RUN OUT TO HIS HOME AND SEE THE SCENE BEING THEREIN ENACTED,2277,4.62,16000,train,2277-149897-0014
data/fake_signalproc/melvoc/2277-149896-0000.wav,fake,signalproc,none,melvoc,HE WAS IN A FEVERED STATE OF MIND OWING TO THE BLIGHT HIS WIFE'S ACTION THREATENED TO CAST UPON HIS ENTIRE FUTURE,2277,6.584,16000,train,2277-149896-0000_melvoc
data/fake_signalproc/pitch/2277-149896-0000.wav,fake,signalproc,none,pitch,HE WAS IN A FEVERED STATE OF MIND OWING TO THE BLIGHT HIS WIFE'S ACTION THREATENED TO CAST UPON HIS ENTIRE FUTURE,2277,6.59,16000,train,2277-149896-0000_pitch
data/fake_signalproc/formant/2277-149896-0000.wav,fake,signalproc,none,formant,HE WAS IN A FEVERED STATE OF MIND OWING TO THE BLIGHT HIS WIFE'S ACTION THREATENED TO CAST UPON HIS ENTIRE FUTURE,2277,6.59,16000,train,2277-149896-0000_formant
data/fake_signalproc/melvoc/2277-149896-0001.wav,fake,signalproc,none,melvoc,HE WOULD HAVE TO PAY HER THE MONEY WHICH SHE WOULD NOW REGULARLY DEMAND OR THERE WOULD BE TROUBLE IT DID NOT MATTER WHAT HE DID,2277,7.144,16000,train,2277-149896-0001_melvoc
data/fake_signalproc/pitch/2277-149896-0001.wav,fake,signalproc,none,pitch,HE WOULD HAVE TO PAY HER THE MONEY WHICH SHE WOULD NOW REGULARLY DEMAND OR THERE WOULD BE TROUBLE IT DID NOT MATTER WHAT HE DID,2277,7.145,16000,train,2277-149896-0001_pitch
data/fake_signalproc/formant/2277-149896-0001.wav,fake,signalproc,none,formant,HE WOULD HAVE TO PAY HER THE MONEY WHICH SHE WOULD NOW REGULARLY DEMAND OR THERE WOULD BE TROUBLE IT DID NOT MATTER WHAT HE DID,2277,7.145,16000,train,2277-149896-0001_formant
data/fake_signalproc/melvoc/2277-149896-0002.wav,fake,signalproc,none,melvoc,HURSTWOOD WALKED THE FLOOR MENTALLY ARRANGING THE CHIEF POINTS OF HIS SITUATION,2277,4.832,16000,train,2277-149896-0002_melvoc
data/fake_signalproc/pitch/2277-149896-0002.wav,fake,signalproc,none,pitch,HURSTWOOD WALKED THE FLOOR MENTALLY ARRANGING THE CHIEF POINTS OF HIS SITUATION,2277,4.835,16000,train,2277-149896-0002_pitch
data/fake_signalproc/formant/2277-149896-0002.wav,fake,signalproc,none,formant,HURSTWOOD WALKED THE FLOOR MENTALLY ARRANGING THE CHIEF POINTS OF HIS SITUATION,2277,4.835,16000,train,2277-149896-0002_formant
data/fake_signalproc/melvoc/2277-149896-0003.wav,fake,signalproc,none,melvoc,HE ALSO THOUGHT OF HIS MANAGERIAL POSITION,2277,2.84,16000,train,2277-149896-0003_melvoc
data/fake_signalproc/pitch/2277-149896-0003.wav,fake,signalproc,none,pitch,HE ALSO THOUGHT OF HIS MANAGERIAL POSITION,2277,2.84,16000,train,2277-149896-0003_pitch
data/fake_signalproc/formant/2277-149896-0003.wav,fake,signalproc,none,formant,HE ALSO THOUGHT OF HIS MANAGERIAL POSITION,2277,2.84,16000,train,2277-149896-0003_formant
data/fake_signalproc/melvoc/2277-149896-0004.wav,fake,signalproc,none,melvoc,HOW WOULD THE PAPERS TALK ABOUT IT,2277,1.952,16000,train,2277-149896-0004_melvoc
data/fake_signalproc/pitch/2277-149896-0004.wav,fake,signalproc,none,pitch,HOW WOULD THE PAPERS TALK ABOUT IT,2277,1.955,16000,train,2277-149896-0004_pitch
data/fake_signalproc/formant/2277-149896-0004.wav,fake,signalproc,none,formant,HOW WOULD THE PAPERS TALK ABOUT IT,2277,1.955,16000,train,2277-149896-0004_formant
data/fake_signalproc/melvoc/2277-149896-0005.wav,fake,signalproc,none,melvoc,MANY LITTLE WRINKLES GATHERED BETWEEN HIS EYES AS HE CONTEMPLATED THIS AND HIS BROW MOISTENED,2277,5.6,16000,train,2277-149896-0005_melvoc
data/fake_signalproc/pitch/2277-149896-0005.wav,fake,signalproc,none,pitch,MANY LITTLE WRINKLES GATHERED BETWEEN HIS EYES AS HE CONTEMPLATED THIS AND HIS BROW MOISTENED,2277,5.6,16000,train,2277-149896-0005_pitch
data/fake_signalproc/formant/2277-149896-0005.wav,fake,signalproc,none,formant,MANY LITTLE WRINKLES GATHERED BETWEEN HIS EYES AS HE CONTEMPLATED THIS AND HIS BROW MOISTENED,2277,5.6,16000,train,2277-149896-0005_formant
data/fake_signalproc/melvoc/2277-149896-0006.wav,fake,signalproc,none,melvoc,HE COULD ARRANGE THAT SATISFACTORILY FOR CARRIE WOULD BE GLAD TO WAIT IF NECESSARY,2277,4.968,16000,train,2277-149896-0006_melvoc
data/fake_signalproc/pitch/2277-149896-0006.wav,fake,signalproc,none,pitch,HE COULD ARRANGE THAT SATISFACTORILY FOR CARRIE WOULD BE GLAD TO WAIT IF NECESSARY,2277,4.97,16000,train,2277-149896-0006_pitch
data/fake_signalproc/formant/2277-149896-0006.wav,fake,signalproc,none,formant,HE COULD ARRANGE THAT SATISFACTORILY FOR CARRIE WOULD BE GLAD TO WAIT IF NECESSARY,2277,4.97,16000,train,2277-149896-0006_formant
data/fake_signalproc/melvoc/2277-149896-0007.wav,fake,signalproc,none,melvoc,HE WOULD SEE HOW THINGS TURNED OUT TO MORROW AND THEN HE WOULD TALK TO HER THEY WERE GOING TO MEET AS USUAL,2277,5.368,16000,train,2277-149896-0007_melvoc
data/fake_signalproc/pitch/2277-149896-0007.wav,fake,signalproc,none,pitch,HE WOULD SEE HOW THINGS TURNED OUT TO MORROW AND THEN HE WOULD TALK TO HER THEY WERE GOING TO MEET AS USUAL,2277,5.375,16000,train,2277-149896-0007_pitch
data/fake_signalproc/formant/2277-149896-0007.wav,fake,signalproc,none,formant,HE WOULD SEE HOW THINGS TURNED OUT TO MORROW AND THEN HE WOULD TALK TO HER THEY WERE GOING TO MEET AS USUAL,2277,5.375,16000,train,2277-149896-0007_formant
data/fake_signalproc/melvoc/2277-149896-0008.wav,fake,signalproc,none,melvoc,FOR SOME REASON HE FELT AS IF SOMETHING MIGHT COME THAT WAY AND WAS RELIEVED WHEN ALL THE ENVELOPES HAD BEEN SCANNED AND NOTHING SUSPICIOUS NOTICED,2277,6.936,16000,train,2277-149896-0008_melvoc
data/fake_signalproc/pitch/2277-149896-0008.wav,fake,signalproc,none,pitch,FOR SOME REASON HE FELT AS IF SOMETHING MIGHT COME THAT WAY AND WAS RELIEVED WHEN ALL THE ENVELOPES HAD BEEN SCANNED AND NOTHING SUSPICIOUS NOTICED,2277,6.94,16000,train,2277-149896-0008_pitch
data/fake_signalproc/formant/2277-149896-0008.wav,fake,signalproc,none,formant,FOR SOME REASON HE FELT AS IF SOMETHING MIGHT COME THAT WAY AND WAS RELIEVED WHEN ALL THE ENVELOPES HAD BEEN SCANNED AND NOTHING SUSPICIOUS NOTICED,2277,6.94,16000,train,2277-149896-0008_formant
data/fake_signalproc/melvoc/2277-149896-0009.wav,fake,signalproc,none,melvoc,WHILE THE DANGER HAD NOT LESSENED IT HAD NOT AS YET MATERIALISED AND WITH HIM NO NEWS WAS GOOD NEWS,2277,5.808,16000,train,2277-149896-0009_melvoc
data/fake_signalproc/pitch/2277-149896-0009.wav,fake,signalproc,none,pitch,WHILE THE DANGER HAD NOT LESSENED IT HAD NOT AS YET MATERIALISED AND WITH HIM NO NEWS WAS GOOD NEWS,2277,5.815,16000,train,2277-149896-0009_pitch
data/fake_signalproc/formant/2277-149896-0009.wav,fake,signalproc,none,formant,WHILE THE DANGER HAD NOT LESSENED IT HAD NOT AS YET MATERIALISED AND WITH HIM NO NEWS WAS GOOD NEWS,2277,5.815,16000,train,2277-149896-0009_formant
data/fake_signalproc/melvoc/2277-149896-0010.wav,fake,signalproc,none,melvoc,SO LITTLE DID HE CONSIDER DROUET THAT IT NEVER ONCE OCCURRED TO HIM TO WORRY ABOUT HIS FINDING OUT,2277,5.272,16000,train,2277-149896-0010_melvoc
data/fake_signalproc/pitch/2277-149896-0010.wav,fake,signalproc,none,pitch,SO LITTLE DID HE CONSIDER DROUET THAT IT NEVER ONCE OCCURRED TO HIM TO WORRY ABOUT HIS FINDING OUT,2277,5.275,16000,train,2277-149896-0010_pitch
data/fake_signalproc/formant/2277-149896-0010.wav,fake,signalproc,none,formant,SO LITTLE DID HE CONSIDER DROUET THAT IT NEVER ONCE OCCURRED TO HIM TO WORRY ABOUT HIS FINDING OUT,2277,5.275,16000,train,2277-149896-0010_formant
data/fake_signalproc/melvoc/2277-149896-0011.wav,fake,signalproc,none,melvoc,HE GREW RESTLESS AS HE RUMINATED AND THEN DECIDED THAT PERHAPS IT WAS NOTHING,2277,4.464,16000,train,2277-149896-0011_melvoc
data/fake_signalproc/pitch/2277-149896-0011.wav,fake,signalproc,none,pitch,HE GREW RESTLESS AS HE RUMINATED AND THEN DECIDED THAT PERHAPS IT WAS NOTHING,2277,4.465,16000,train,2277-149896-0011_pitch
data/fake_signalproc/formant/2277-149896-0011.wav,fake,signalproc,none,formant,HE GREW RESTLESS AS HE RUMINATED AND THEN DECIDED THAT PERHAPS IT WAS NOTHING,2277,4.465,16000,train,2277-149896-0011_formant
data/fake_signalproc/melvoc/2277-149896-0012.wav,fake,signalproc,none,melvoc,SHE HAD NOT BEEN ABLE TO GET AWAY THIS MORNING,2277,2.488,16000,train,2277-149896-0012_melvoc
data/fake_signalproc/pitch/2277-149896-0012.wav,fake,signalproc,none,pitch,SHE HAD NOT BEEN ABLE TO GET AWAY THIS MORNING,2277,2.495,16000,train,2277-149896-0012_pitch
data/fake_signalproc/formant/2277-149896-0012.wav,fake,signalproc,none,formant,SHE HAD NOT BEEN ABLE TO GET AWAY THIS MORNING,2277,2.495,16000,train,2277-149896-0012_formant
data/fake_signalproc/melvoc/2277-149896-0013.wav,fake,signalproc,none,melvoc,HE WOULD GET ONE TO DAY IT WOULD PROBABLY BE ON HIS DESK WHEN HE GOT BACK HE WOULD LOOK FOR IT AT ONCE,2277,6.088,16000,train,2277-149896-0013_melvoc
data/fake_signalproc/pitch/2277-149896-0013.wav,fake,signalproc,none,pitch,HE WOULD GET ONE TO DAY IT WOULD PROBABLY BE ON HIS DESK WHEN HE GOT BACK HE WOULD LOOK FOR IT AT ONCE,2277,6.09,16000,train,2277-149896-0013_pitch
data/fake_signalproc/formant/2277-149896-0013.wav,fake,signalproc,none,formant,HE WOULD GET ONE TO DAY IT WOULD PROBABLY BE ON HIS DESK WHEN HE GOT BACK HE WOULD LOOK FOR IT AT ONCE,2277,6.09,16000,train,2277-149896-0013_formant
data/fake_signalproc/melvoc/2277-149896-0014.wav,fake,signalproc,none,melvoc,AFTER A TIME HE GAVE UP WAITING AND DREARILY HEADED FOR THE MADISON CAR,2277,4.064,16000,train,2277-149896-0014_melvoc
data/fake_signalproc/pitch/2277-149896-0014.wav,fake,signalproc,none,pitch,AFTER A TIME HE GAVE UP WAITING AND DREARILY HEADED FOR THE MADISON CAR,2277,4.07,16000,train,2277-149896-0014_pitch
data/fake_signalproc/formant/2277-149896-0014.wav,fake,signalproc,none,formant,AFTER A TIME HE GAVE UP WAITING AND DREARILY HEADED FOR THE MADISON CAR,2277,4.07,16000,train,2277-149896-0014_formant
data/fake_signalproc/melvoc/2277-149896-0015.wav,fake,signalproc,none,melvoc,HE WENT IN AND EXAMINED HIS LETTERS BUT THERE WAS NOTHING FROM CARRIE,2277,3.672,16000,train,2277-149896-0015_melvoc
data/fake_signalproc/pitch/2277-149896-0015.wav,fake,signalproc,none,pitch,HE WENT IN AND EXAMINED HIS LETTERS BUT THERE WAS NOTHING FROM CARRIE,2277,3.675,16000,train,2277-149896-0015_pitch
data/fake_signalproc/formant/2277-149896-0015.wav,fake,signalproc,none,formant,HE WENT IN AND EXAMINED HIS LETTERS BUT THERE WAS NOTHING FROM CARRIE,2277,3.675,16000,train,2277-149896-0015_formant
data/fake_signalproc/melvoc/2277-149896-0016.wav,fake,signalproc,none,melvoc,FORTUNATELY THERE WAS NOTHING FROM HIS WIFE EITHER,2277,2.784,16000,train,2277-149896-0016_melvoc
data/fake_signalproc/pitch/2277-149896-0016.wav,fake,signalproc,none,pitch,FORTUNATELY THERE WAS NOTHING FROM HIS WIFE EITHER,2277,2.785,16000,train,2277-149896-0016_pitch
data/real/777/777-126732-0000.flac,real,LibriSpeech,none,none,ALL IDEALISATION MAKES LIFE POORER,777,2.74,16000,dev,777-126732-0000
data/real/777/777-126732-0001.flac,real,LibriSpeech,none,none,THEN WHY INDULGE IN PROPHETIC PHANTASIES,777,2.3,16000,dev,777-126732-0001
data/real/777/777-126732-0002.flac,real,LibriSpeech,none,none,AT BEST THEY CAN ONLY INTERPRET THE MIND OF THE PROPHET AND CAN HAVE NO OBJECTIVE VALUE,777,5.06,16000,dev,777-126732-0002
data/real/777/777-126732-0003.flac,real,LibriSpeech,none,none,MICHAELIS THE TICKET OF LEAVE APOSTLE WAS SPEAKING IN AN EVEN VOICE A VOICE THAT WHEEZED AS IF DEADENED AND OPPRESSED BY THE LAYER OF FAT ON HIS CHEST,777,9.45,16000,dev,777-126732-0003
data/real/777/777-126732-0004.flac,real,LibriSpeech,none,none,AND EVER SINCE HE HAD NEVER MANAGED TO GET HIS WEIGHT DOWN AS MUCH AS AN OUNCE,777,4.255,16000,dev,777-126732-0004
data/real/777/777-126732-0005.flac,real,LibriSpeech,none,none,WITH HIS ELBOW PRESENTING NO APPEARANCE OF A JOINT BUT MORE LIKE A BEND IN A DUMMY'S LIMB THROWN OVER THE BACK OF A CHAIR HE LEANED FORWARD SLIGHTLY OVER HIS SHORT AND ENORMOUS THIGHS TO SPIT INTO THE GRATE,777,11.12,16000,dev,777-126732-0005
data/real/777/777-126732-0006.flac,real,LibriSpeech,none,none,YES I HAD THE TIME TO THINK THINGS OUT A LITTLE HE ADDED WITHOUT EMPHASIS,777,4.575,16000,dev,777-126732-0006
data/real/777/777-126732-0007.flac,real,LibriSpeech,none,none,WHEN HE ROSE PAINFULLY THE THRUSTING FORWARD OF A SKINNY GROPING HAND DEFORMED BY GOUTY SWELLINGS SUGGESTED THE EFFORT OF A MORIBUND MURDERER SUMMONING ALL HIS REMAINING STRENGTH FOR A LAST STAB,777,12.255,16000,dev,777-126732-0007
data/real/777/777-126732-0008.flac,real,LibriSpeech,none,none,HIS ENUNCIATION WOULD HAVE BEEN ALMOST TOTALLY UNINTELLIGIBLE TO A STRANGER,777,4.425,16000,dev,777-126732-0008
data/real/777/777-126732-0009.flac,real,LibriSpeech,none,none,THE OLD TERRORIST TURNED SLOWLY HIS HEAD ON HIS SKINNY NECK FROM SIDE TO SIDE,777,4.815,16000,dev,777-126732-0009
data/real/777/777-126732-0010.flac,real,LibriSpeech,none,none,AND I COULD NEVER GET AS MANY AS THREE SUCH MEN TOGETHER,777,3.42,16000,dev,777-126732-0010
data/real/777/777-126732-0011.flac,real,LibriSpeech,none,none,THE POSSESSORS OF PROPERTY HAD NOT ONLY TO FACE THE AWAKENED PROLETARIAT BUT THEY HAD ALSO TO FIGHT AMONGST THEMSELVES YES,777,7.45,16000,dev,777-126732-0011
data/real/777/777-126732-0012.flac,real,LibriSpeech,none,none,STRUGGLE WARFARE WAS THE CONDITION OF PRIVATE OWNERSHIP IT WAS FATAL,777,4.835,16000,dev,777-126732-0012
data/real/777/777-126732-0013.flac,real,LibriSpeech,none,none,AH HE DID NOT DEPEND UPON EMOTIONAL EXCITEMENT TO KEEP UP HIS BELIEF NO DECLAMATIONS NO ANGER NO VISIONS OF BLOOD RED FLAGS WAVING OR METAPHORICAL LURID SUNS OF VENGEANCE RISING ABOVE THE HORIZON OF A DOOMED SOCIETY NOT HE,777,15.15,16000,dev,777-126732-0013
data/real/777/777-126732-0014.flac,real,LibriSpeech,none,none,DON'T YOU THINK THAT IF I HAD NOT BEEN THE OPTIMIST I AM I COULD NOT HAVE FOUND IN FIFTEEN YEARS SOME MEANS TO CUT MY THROAT,777,7.42,16000,dev,777-126732-0014
data/real/777/777-126732-0015.flac,real,LibriSpeech,none,none,A HARSH LAUGH FROM COMRADE OSSIPON CUT THE TIRADE DEAD SHORT IN A SUDDEN FALTERING OF THE TONGUE AND A BEWILDERED UNSTEADINESS OF THE APOSTLE'S MILDLY EXALTED EYES,777,9.51,16000,dev,777-126732-0015
data/real/777/777-126732-0016.flac,real,LibriSpeech,none,none,ALEXANDER OSSIPON GOT UP TALL IN HIS THREADBARE BLUE SERGE SUIT UNDER THE LOW CEILING SHOOK OFF THE STIFFNESS OF LONG IMMOBILITY AND STROLLED AWAY INTO THE KITCHEN DOWN TWO STEPS TO LOOK OVER STEVIE'S SHOULDER,777,12.535,16000,dev,777-126732-0016
data/real/777/777-126732-0017.flac,real,LibriSpeech,none,none,VERY CHARACTERISTIC PERFECTLY TYPICAL,777,2.73,16000,dev,777-126732-0017
data/real/777/777-126732-0018.flac,real,LibriSpeech,none,none,YOU WOULD CALL THAT LAD A DEGENERATE WOULD YOU MUMBLED MISTER VERLOC,777,4.05,16000,dev,777-126732-0018
data/real/777/777-126732-0019.flac,real,LibriSpeech,none,none,IT WAS KARL YUNDT WHO WAS HEARD IMPLACABLE TO HIS LAST BREATH,777,4.94,16000,dev,777-126732-0019
data/real/777/777-126732-0020.flac,real,LibriSpeech,none,none,LOMBROSO IS AN ASS,777,2.205,16000,dev,777-126732-0020
data/real/777/777-126732-0021.flac,real,LibriSpeech,none,none,FOR HIM THE CRIMINAL IS THE PRISONER SIMPLE IS IT NOT,777,3.635,16000,dev,777-126732-0021
data/real/777/777-126732-0022.flac,real,LibriSpeech,none,none,THERE WAS AN EXTRAORDINARY FORCE OF SUGGESTION IN THIS POSTURING,777,3.02,16000,dev,777-126732-0022
data/real/777/777-126732-0023.flac,real,LibriSpeech,none,none,THE FAMOUS TERRORIST HAD NEVER IN HIS LIFE RAISED PERSONALLY AS MUCH AS HIS LITTLE FINGER AGAINST THE SOCIAL EDIFICE,777,7.02,16000,dev,777-126732-0023
data/real/777/777-126732-0024.flac,real,LibriSpeech,none,none,THE SHADOW OF HIS EVIL GIFT CLUNG TO HIM YET LIKE THE SMELL OF A DEADLY DRUG IN AN OLD VIAL OF POISON EMPTIED NOW USELESS READY TO BE THROWN AWAY UPON THE RUBBISH HEAP OF THINGS THAT HAD SERVED THEIR TIME,777,13.6,16000,dev,777-126732-0024
data/fake_signalproc/melvoc/777-126732-0000.wav,fake,signalproc,none,melvoc,ALL IDEALISATION MAKES LIFE POORER,777,2.736,16000,dev,777-126732-0000_melvoc
data/fake_signalproc/pitch/777-126732-0000.wav,fake,signalproc,none,pitch,ALL IDEALISATION MAKES LIFE POORER,777,2.74,16000,dev,777-126732-0000_pitch
data/fake_signalproc/formant/777-126732-0000.wav,fake,signalproc,none,formant,ALL IDEALISATION MAKES LIFE POORER,777,2.74,16000,dev,777-126732-0000_formant
data/fake_signalproc/melvoc/777-126732-0001.wav,fake,signalproc,none,melvoc,THEN WHY INDULGE IN PROPHETIC PHANTASIES,777,2.296,16000,dev,777-126732-0001_melvoc
data/fake_signalproc/pitch/777-126732-0001.wav,fake,signalproc,none,pitch,THEN WHY INDULGE IN PROPHETIC PHANTASIES,777,2.3,16000,dev,777-126732-0001_pitch
data/fake_signalproc/formant/777-126732-0001.wav,fake,signalproc,none,formant,THEN WHY INDULGE IN PROPHETIC PHANTASIES,777,2.3,16000,dev,777-126732-0001_formant
data/fake_signalproc/melvoc/777-126732-0002.wav,fake,signalproc,none,melvoc,AT BEST THEY CAN ONLY INTERPRET THE MIND OF THE PROPHET AND CAN HAVE NO OBJECTIVE VALUE,777,5.056,16000,dev,777-126732-0002_melvoc
data/fake_signalproc/pitch/777-126732-0002.wav,fake,signalproc,none,pitch,AT BEST THEY CAN ONLY INTERPRET THE MIND OF THE PROPHET AND CAN HAVE NO OBJECTIVE VALUE,777,5.06,16000,dev,777-126732-0002_pitch
data/fake_signalproc/formant/777-126732-0002.wav,fake,signalproc,none,formant,AT BEST THEY CAN ONLY INTERPRET THE MIND OF THE PROPHET AND CAN HAVE NO OBJECTIVE VALUE,777,5.06,16000,dev,777-126732-0002_formant
data/fake_signalproc/melvoc/777-126732-0003.wav,fake,signalproc,none,melvoc,MICHAELIS THE TICKET OF LEAVE APOSTLE WAS SPEAKING IN AN EVEN VOICE A VOICE THAT WHEEZED AS IF DEADENED AND OPPRESSED BY THE LAYER OF FAT ON HIS CHEST,777,9.448,16000,dev,777-126732-0003_melvoc
data/fake_signalproc/pitch/777-126732-0003.wav,fake,signalproc,none,pitch,MICHAELIS THE TICKET OF LEAVE APOSTLE WAS SPEAKING IN AN EVEN VOICE A VOICE THAT WHEEZED AS IF DEADENED AND OPPRESSED BY THE LAYER OF FAT ON HIS CHEST,777,9.45,16000,dev,777-126732-0003_pitch
data/fake_signalproc/formant/777-126732-0003.wav,fake,signalproc,none,formant,MICHAELIS THE TICKET OF LEAVE APOSTLE WAS SPEAKING IN AN EVEN VOICE A VOICE THAT WHEEZED AS IF DEADENED AND OPPRESSED BY THE LAYER OF FAT ON HIS CHEST,777,9.45,16000,dev,777-126732-0003_formant
data/fake_signalproc/melvoc/777-126732-0004.wav,fake,signalproc,none,melvoc,AND EVER SINCE HE HAD NEVER MANAGED TO GET HIS WEIGHT DOWN AS MUCH AS AN OUNCE,777,4.248,16000,dev,777-126732-0004_melvoc
data/fake_signalproc/pitch/777-126732-0004.wav,fake,signalproc,none,pitch,AND EVER SINCE HE HAD NEVER MANAGED TO GET HIS WEIGHT DOWN AS MUCH AS AN OUNCE,777,4.255,16000,dev,777-126732-0004_pitch
data/fake_signalproc/formant/777-126732-0004.wav,fake,signalproc,none,formant,AND EVER SINCE HE HAD NEVER MANAGED TO GET HIS WEIGHT DOWN AS MUCH AS AN OUNCE,777,4.255,16000,dev,777-126732-0004_formant
data/fake_signalproc/melvoc/777-126732-0005.wav,fake,signalproc,none,melvoc,WITH HIS ELBOW PRESENTING NO APPEARANCE OF A JOINT BUT MORE LIKE A BEND IN A DUMMY'S LIMB THROWN OVER THE BACK OF A CHAIR HE LEANED FORWARD SLIGHTLY OVER HIS SHORT AND ENORMOUS THIGHS TO SPIT INTO THE GRATE,777,11.12,16000,dev,777-126732-0005_melvoc
data/fake_signalproc/pitch/777-126732-0005.wav,fake,signalproc,none,pitch,WITH HIS ELBOW PRESENTING NO APPEARANCE OF A JOINT BUT MORE LIKE A BEND IN A DUMMY'S LIMB THROWN OVER THE BACK OF A CHAIR HE LEANED FORWARD SLIGHTLY OVER HIS SHORT AND ENORMOUS THIGHS TO SPIT INTO THE GRATE,777,11.12,16000,dev,777-126732-0005_pitch
data/fake_signalproc/formant/777-126732-0005.wav,fake,signalproc,none,formant,WITH HIS ELBOW PRESENTING NO APPEARANCE OF A JOINT BUT MORE LIKE A BEND IN A DUMMY'S LIMB THROWN OVER THE BACK OF A CHAIR HE LEANED FORWARD SLIGHTLY OVER HIS SHORT AND ENORMOUS THIGHS TO SPIT INTO THE GRATE,777,11.12,16000,dev,777-126732-0005_formant
data/fake_signalproc/melvoc/777-126732-0006.wav,fake,signalproc,none,melvoc,YES I HAD THE TIME TO THINK THINGS OUT A LITTLE HE ADDED WITHOUT EMPHASIS,777,4.568,16000,dev,777-126732-0006_melvoc
data/fake_signalproc/pitch/777-126732-0006.wav,fake,signalproc,none,pitch,YES I HAD THE TIME TO THINK THINGS OUT A LITTLE HE ADDED WITHOUT EMPHASIS,777,4.575,16000,dev,777-126732-0006_pitch
data/fake_signalproc/formant/777-126732-0006.wav,fake,signalproc,none,formant,YES I HAD THE TIME TO THINK THINGS OUT A LITTLE HE ADDED WITHOUT EMPHASIS,777,4.575,16000,dev,777-126732-0006_formant
data/fake_signalproc/melvoc/777-126732-0007.wav,fake,signalproc,none,melvoc,WHEN HE ROSE PAINFULLY THE THRUSTING FORWARD OF A SKINNY GROPING HAND DEFORMED BY GOUTY SWELLINGS SUGGESTED THE EFFORT OF A MORIBUND MURDERER SUMMONING ALL HIS REMAINING STRENGTH FOR A LAST STAB,777,12.248,16000,dev,777-126732-0007_melvoc
data/fake_signalproc/pitch/777-126732-0007.wav,fake,signalproc,none,pitch,WHEN HE ROSE PAINFULLY THE THRUSTING FORWARD OF A SKINNY GROPING HAND DEFORMED BY GOUTY SWELLINGS SUGGESTED THE EFFORT OF A MORIBUND MURDERER SUMMONING ALL HIS REMAINING STRENGTH FOR A LAST STAB,777,12.255,16000,dev,777-126732-0007_pitch
data/fake_signalproc/formant/777-126732-0007.wav,fake,signalproc,none,formant,WHEN HE ROSE PAINFULLY THE THRUSTING FORWARD OF A SKINNY GROPING HAND DEFORMED BY GOUTY SWELLINGS SUGGESTED THE EFFORT OF A MORIBUND MURDERER SUMMONING ALL HIS REMAINING STRENGTH FOR A LAST STAB,777,12.255,16000,dev,777-126732-0007_formant
data/fake_signalproc/melvoc/777-126732-0008.wav,fake,signalproc,none,melvoc,HIS ENUNCIATION WOULD HAVE BEEN ALMOST TOTALLY UNINTELLIGIBLE TO A STRANGER,777,4.424,16000,dev,777-126732-0008_melvoc
