drms_db,ddur_samp,clip_out,clip_src,dvoiced,df0_rel,dlin,oct_err_rate,dtilt,src,out,family,ok_rms,ok_dur,ok_clip,ok_voiced,ok_f0,ok_lin,ok_tilt
-1.7086117928791533,0,0.0,2.4480403437048643e-05,-0.012533966559768905,0.23525546164398858,-0.1337676010001316,0.09183673469387756,-12.148015861648132,data/asvspoof/test/LA_0001/LA_E_3305029.flac,data/attacks/bandpass-300-3400/LA_E_3305029.wav,bandpass-300-3400,0,1,1,1,0,0,1
-2.9049662652958537,0,0.0,1.704593880507969e-05,-0.05236512400920479,0.17950631731719335,-0.1599095385050296,0.10106382978723404,-11.437768545678086,data/asvspoof/test/LA_0001/LA_E_6580034.flac,data/attacks/bandpass-300-3400/LA_E_6580034.wav,bandpass-300-3400,0,1,1,1,0,0,1
-0.9113185131669346,0,0.0,2.0071857248951246e-05,-0.010276790911462996,0.06727202579022651,-0.05358851674641152,0.027522935779816515,-8.954025320228109,data/asvspoof/test/LA_0002/LA_E_5307744.flac,data/attacks/bandpass-300-3400/LA_E_5307744.wav,bandpass-300-3400,1,1,1,1,0,0,1
-1.2609680140470323,0,0.0,7.753681060083274e-06,-0.011909654108287926,0.13012274893665454,-0.06339971535043404,0.09651474530831099,-10.407671754557192,data/asvspoof/test/LA_0002/LA_E_7604296.flac,data/attacks/bandpass-300-3400/LA_E_7604296.wav,bandpass-300-3400,0,1,1,1,0,0,1
-3.0603955857830445,0,0.0,1.611473692691967e-05,-0.024752235919748622,0.0038555171862571513,-0.059868421052631515,0.08900523560209424,-9.938907928852124,data/asvspoof/test/LA_0003/LA_E_9502086.flac,data/attacks/bandpass-300-3400/LA_E_9502086.wav,bandpass-300-3400,0,1,1,1,1,0,1
-0.369665696794459,0,0.0,1.831703117558706e-05,-0.009378319961900528,0.003294099444085763,-0.06236737400530501,0.07534246575342465,-9.500048233407371,data/asvspoof/test/LA_0003/LA_E_4884352.flac,data/attacks/bandpass-300-3400/LA_E_4884352.wav,bandpass-300-3400,1,1,1,1,1,0,1
-0.7706142433846442,0,0.0,1.8782870022539446e-05,-0.009616829451540188,0.040444421285305454,0.061395202020202044,0.031914893617021274,-10.863414133804568,data/asvspoof/test/LA_0004/LA_E_2087578.flac,data/attacks/bandpass-300-3400/LA_E_2087578.wav,bandpass-300-3400,1,1,1,1,0,0,1
-1.0134155474469226,0,0.0,2.2238035936666074e-05,-0.011385874399573004,0.005396102349241483,-0.03543494524926888,0.08187134502923976,-6.218623183761696,data/asvspoof/test/LA_0004/LA_E_1539224.flac,data/attacks/bandpass-300-3400/LA_E_1539224.wav,bandpass-300-3400,0,1,1,1,1,1,1
3.4925962885644906e-06,0,0.0,2.124856572181378e-05,0.0,0.35033264053794777,0.11614069690992765,0.029585798816568046,-8.965468323288285,data/asvspoof/test/LA_0004/LA_E_5009719.flac,data/attacks/bandpass-300-3400/LA_E_5009719.wav,bandpass-300-3400,1,1,1,1,0,0,1
-1.0790606374463043,0,0.0,2.36630383341221e-05,-0.07269285376242313,0.09262460386397287,0.01067844978366933,0.058823529411764705,-9.721648913174958,data/asvspoof/test/LA_0004/LA_E_3739591.flac,data/attacks/bandpass-300-3400/LA_E_3739591.wav,bandpass-300-3400,0,1,1,1,0,1,1
-3.2137246872198304,0,0.0,1.4521375464684014e-05,0.0,0.10542183950182316,-0.1000929515518375,0.08284023668639054,-8.795475214241975,data/asvspoof/test/LA_0005/LA_E_4292147.flac,data/attacks/bandpass-300-3400/LA_E_4292147.wav,bandpass-300-3400,0,1,1,1,0,0,1
-0.793785029967667,0,0.0,1.880936706479827e-05,-0.0385215837487069,0.09052077307861572,0.003507389162561547,0.05555555555555555,-9.024508768465843,data/asvspoof/test/LA_0005/LA_E_9021464.flac,data/attacks/bandpass-300-3400/LA_E_9021464.wav,bandpass-300-3400,1,1,1,1,0,1,1
-1.0420006141601843,0,0.0,1.1017098536929314e-05,-0.06768905341089371,0.00852378850232971,-0.06676954530264007,0.08695652173913043,-9.364381839291884,data/asvspoof/test/LA_0006/LA_E_3071430.flac,data/attacks/bandpass-300-3400/LA_E_3071430.wav,bandpass-300-3400,0,1,1,1,1,0,1
-1.3067390441031526,0,0.0,1.3812536257907677e-05,-0.00707201856404871,0.0014995581300456529,-0.04942028985507246,0.055,-9.314126922178161,data/asvspoof/test/LA_0006/LA_E_2614442.flac,data/attacks/bandpass-300-3400/LA_E_2614442.wav,bandpass-300-3400,0,1,1,1,1,1,1
-0.4567112597283911,0,0.0,1.5941590014188015e-05,0.0,0.1617529122689202,0.05995427216529764,0.2233502538071066,-8.973733916413323,data/asvspoof/test/LA_0006/LA_E_3334364.flac,data/attacks/bandpass-300-3400/LA_E_3334364.wav,bandpass-300-3400,1,1,1,1,0,0,1
2.5119221691357543e-06,0,0.0,1.4965803139825498e-05,-0.09194989449108792,0.0064376890068738035,-0.01278727578475336,0.08520179372197309,-10.235234854924393,data/asvspoof/test/LA_0006/LA_E_1751798.flac,data/attacks/bandpass-300-3400/LA_E_1751798.wav,bandpass-300-3400,1,1,1,1,1,1,1
-2.655425782868786,0,0.0,2.5767882910740052e-05,-0.0923520923520923,0.19101332569548762,0.004680272108843531,0.152,-8.499044601412217,data/asvspoof/test/LA_0007/LA_E_7682639.flac,data/attacks/bandpass-300-3400/LA_E_7682639.wav,bandpass-300-3400,0,1,1,1,0,1,1
-0.568728646092772,0,0.0,2.9930262488402023e-05,0.0,0.1441214418018807,0.1282051282051282,0.15384615384615385,-10.556678872099397,data/asvspoof/test/LA_0007/LA_E_1198781.flac,data/attacks/bandpass-300-3400/LA_E_1198781.wav,bandpass-300-3400,1,1,1,1,0,0,1
-1.0334773373690622,0,0.0,1.7050298380221655e-05,-0.008729752770673449,0.002194308235300646,-0.0563076036866359,0.10638297872340426,-9.78910259376308,data/asvspoof/test/LA_0008/LA_E_6496136.flac,data/attacks/bandpass-300-3400/LA_E_6496136.wav,bandpass-300-3400,0,1,1,1,1,0,1
-3.3358196592298697,0,0.0,2.2585089324028278e-05,-0.011563565733902492,0.013200449481178045,-0.020253164556962022,0.08176100628930817,-11.541026765883029,data/asvspoof/test/LA_0008/LA_E_1960467.flac,data/attacks/bandpass-300-3400/LA_E_1960467.wav,bandpass-300-3400,0,1,1,1,1,1,1
-1.710501256321182,0,0.0,3.662735330745e-05,-0.03750640978682884,0.00839731472468852,-0.08571428571428574,0.09444444444444444,-11.76746623523226,data/asvspoof/test/LA_0008/LA_E_7795320.flac,data/attacks/bandpass-300-3400/LA_E_7795320.wav,bandpass-300-3400,0,1,1,1,1,0,1
-0.2947267176803602,0,0.0,1.2645902095425977e-05,0.0,0.036523586095036586,-0.04197593342330186,0.10212765957446808,-8.886510194591727,data/asvspoof/test/LA_0008/LA_E_3325588.flac,data/attacks/bandpass-300-3400/LA_E_3325588.wav,bandpass-300-3400,1,1,1,1,0,1,1
-4.077234778155943e-06,0,0.0,3.6204337279606094e-05,-0.04634155171789589,0.041885841785102684,-0.0060168125287886065,0.07738095238095238,-10.891790206407439,data/asvspoof/test/LA_0009/LA_E_6346279.flac,data/attacks/bandpass-300-3400/LA_E_6346279.wav,bandpass-300-3400,1,1,1,1,0,1,1
-1.9300454776237255,0,0.0,2.3665838362323985e-05,0.0,0.01590966859470555,-0.0842013888888889,0.14728682170542637,-9.961931910706086,data/asvspoof/test/LA_0009/LA_E_9782835.flac,data/attacks/bandpass-300-3400/LA_E_9782835.wav,bandpass-300-3400,0,1,1,1,1,0,1
-1.7980879777625964e-06,0,0.0,1.8089397803947107e-05,-0.027785315026862767,0.13455771606856348,-0.03502415458937197,0.1130952380952381,-10.407886085753653,data/asvspoof/test/LA_0009/LA_E_3899422.flac,data/attacks/bandpass-300-3400/LA_E_3899422.wav,bandpass-300-3400,1,1,1,1,0,1,1
-4.640576180094672,0,0.0,1.4966923099949112e-05,0.022989193881521763,0.003135853124657695,-0.05490196078431375,0.1111111111111111,-8.554570337582252,data/asvspoof/test/LA_0009/LA_E_1737745.flac,data/attacks/bandpass-300-3400/LA_E_1737745.wav,bandpass-300-3400,0,1,1,1,1,0,1
-0.540587729682617,0,0.0,2.6699417952688632e-05,-0.02734020398355308,0.012561407467971408,0.13095238095238093,0.09448818897637795,-11.198837044953247,data/asvspoof/test/LA_0010/LA_E_6957133.flac,data/attacks/bandpass-300-3400/LA_E_6957133.wav,bandpass-300-3400,1,1,1,1,1,0,1
-1.527533225971305,0,0.0,2.5270393207318306e-05,-0.03881532396644094,0.0012229038901432343,0.0806715806715807,0.07079646017699115,-10.003478269419787,data/asvspoof/test/LA_0010/LA_E_6948141.flac,data/attacks/bandpass-300-3400/LA_E_6948141.wav,bandpass-300-3400,0,1,1,1,1,0,1
-1.7660760631450616,0,0.0,5.7477871019657434e-05,-0.044143004943096975,0.0017891404148902001,-0.014197306152165967,0.144,-8.415186800688556,data/asvspoof/test/LA_0010/LA_E_6105359.flac,data/attacks/bandpass-300-3400/LA_E_6105359.wav,bandpass-300-3400,0,1,1,1,1,1,1
-0.5351701846296197,0,0.0,2.4434941967012827e-05,-0.0625534514355528,0.005517431640050141,-0.011110484462241277,0.11864406779661017,-10.939494621414296,data/asvspoof/test/LA_0010/LA_E_5267373.flac,data/attacks/bandpass-300-3400/LA_E_5267373.wav,bandpass-300-3400,1,1,1,1,1,1,1
-3.2554333496388117,0,0.0,2.3291021311284498e-05,-0.023850005822755316,0.19365736949151002,-0.16297679381168315,0.10434782608695652,-10.292955926575392,data/asvspoof/test/LA_0011/LA_E_9553950.flac,data/attacks/bandpass-300-3400/LA_E_9553950.wav,bandpass-300-3400,0,1,1,1,0,0,1
-4.115833418913638,0,0.0,2.066585380975015e-05,0.010580917150592062,0.1585057594703424,-0.08227067050596462,0.07586206896551724,-10.512670302929179,data/asvspoof/test/LA_0011/LA_E_8347876.flac,data/attacks/bandpass-300-3400/LA_E_8347876.wav,bandpass-300-3400,0,1,1,1,0,0,1
-1.3314222834687561,0,0.0,2.994011976047904e-05,-0.09197604790419162,0.12997367964357065,0.03229629629629627,0.12037037037037036,-10.20684244966599,data/asvspoof/test/LA_0012/LA_E_5369873.flac,data/attacks/bandpass-300-3400/LA_E_5369873.wav,bandpass-300-3400,0,1,1,1,0,1,1
-0.16036516413259355,0,0.0,3.766194636938837e-05,-0.057848749623380546,0.004518334732470208,0.001262626262626243,0.14864864864864866,-8.496328904132248,data/asvspoof/test/LA_0012/LA_E_1177031.flac,data/attacks/bandpass-300-3400/LA_E_1177031.wav,bandpass-300-3400,1,1,1,1,1,1,1
-1.1262789057732883,0,0.0,1.6463073326528597e-05,0.0,0.0008470589935795081,0.0005071851225697532,0.03508771929824561,-9.974905668961986,data/asvspoof/test/LA_0012/LA_E_2296362.flac,data/attacks/bandpass-300-3400/LA_E_2296362.wav,bandpass-300-3400,0,1,1,1,1,1,1
-0.35677958610679783,0,0.0,1.2424212304939867e-05,-0.03816718020077525,0.004901755662257479,-0.07995523339796728,0.06746031746031746,-9.862277460453157,data/asvspoof/test/LA_0012/LA_E_9769305.flac,data/attacks/bandpass-300-3400/LA_E_9769305.wav,bandpass-300-3400,1,1,1,1,1,0,1
-3.211406321663089,0,0.0,1.883132779692296e-05,-0.028924919496073676,0.007335012190918588,-0.03298528713811105,0.08333333333333333,-10.23038463494312,data/asvspoof/test/LA_0013/LA_E_5506628.flac,data/attacks/bandpass-300-3400/LA_E_5506628.wav,bandpass-300-3400,0,1,1,1,1,1,1
-3.6946630765246793,0,0.0,2.267008229239872e-05,0.0,0.10878212970940315,-0.012932474349797163,0.056,-10.373475781020675,data/asvspoof/test/LA_0013/LA_E_3303674.flac,data/attacks/bandpass-300-3400/LA_E_3303674.wav,bandpass-300-3400,0,1,1,1,0,1,1
-1.736617111364139,0,0.0,2.188183807439825e-05,-0.011203501094091961,0.0004969554049033542,0.04999338128226627,0.007518796992481203,-8.942745742326366,data/asvspoof/test/LA_0014/LA_E_8563758.flac,data/attacks/bandpass-300-3400/LA_E_8563758.wav,bandpass-300-3400,0,1,1,1,1,1,1
-1.0049005765063186,0,0.0,2.1874179718260565e-05,-0.022399160031498888,0.0014004408112835987,0.054957759004001794,0.046153846153846156,-10.413177368063778,data/asvspoof/test/LA_0014/LA_E_4868247.flac,data/attacks/bandpass-300-3400/LA_E_4868247.wav,bandpass-300-3400,0,1,1,1,1,0,1
-0.7626085772222191,0,0.0,1.9586336571607646e-05,-0.010028204324663115,0.001859405492670163,-0.031756338899196046,0.06060606060606061,-9.385651057062145,data/asvspoof/test/LA_0014/LA_E_8135416.flac,data/attacks/bandpass-300-3400/LA_E_8135416.wav,bandpass-300-3400,1,1,1,1,1,1,1
-1.2170263897840554,0,0.0,3.062130630492697e-05,-0.03135621765624519,0.004189544871128492,0.007829627309740017,0.06666666666666667,-8.328706029722738,data/asvspoof/test/LA_0014/LA_E_2845462.flac,data/attacks/bandpass-300-3400/LA_E_2845462.wav,bandpass-300-3400,0,1,1,1,1,1,1
-2.3070630541508357,0,0.0,1.0630042626470933e-05,-0.021770327299012515,0.11923780177604915,-0.08024386225078262,0.04513888888888889,-9.796554673181653,data/asvspoof/test/LA_0015/LA_E_2301244.flac,data/attacks/bandpass-300-3400/LA_E_2301244.wav,bandpass-300-3400,0,1,1,1,0,0,1
-2.2986350177279955,0,0.0,1.412130198404293e-05,-0.007230106615830012,0.10921453985340462,-0.052094894561598215,0.0995260663507109,-7.6214536277429845,data/asvspoof/test/LA_0015/LA_E_4861467.flac,data/attacks/bandpass-300-3400/LA_E_4861467.wav,bandpass-300-3400,0,1,1,1,0,0,1
-1.2243245445195525,0,0.0,2.1574042112530203e-05,-0.06627545736969276,0.0018961085576869596,0.008410857652606074,0.03007518796992481,-10.36995165392545,data/asvspoof/test/LA_0016/LA_E_4738131.flac,data/attacks/bandpass-300-3400/LA_E_4738131.wav,bandpass-300-3400,0,1,1,1,1,1,1
-0.31701427359174555,0,0.0,2.7729251587499655e-05,-0.014197376812799811,0.024524213405837214,0.006851661527920494,0.0859375,-11.017662297590114,data/asvspoof/test/LA_0016/LA_E_8945666.flac,data/attacks/bandpass-300-3400/LA_E_8945666.wav,bandpass-300-3400,1,1,1,1,0,1,1
-1.790618211767062e-06,0,0.0,3.063913229977327e-05,0.0,0.0880057452499281,0.08531746031746029,0.06557377049180328,-7.661104025347716,data/asvspoof/test/LA_0016/LA_E_1056200.flac,data/attacks/bandpass-300-3400/LA_E_1056200.wav,bandpass-300-3400,1,1,1,1,0,0,1
-0.1745742287570919,0,0.0,3.4130857708454215e-05,-0.017474999146728565,0.10196401626565121,0.05918649021677358,0.04504504504504504,-9.74322647641878,data/asvspoof/test/LA_0016/LA_E_4887012.flac,data/attacks/bandpass-300-3400/LA_E_4887012.wav,bandpass-300-3400,1,1,1,1,0,0,1
-1.4204385844226795,0,0.0,1.6504101269165386e-05,-0.008450099849812709,0.006635348987544865,-0.024937828129317496,0.05263157894736842,-9.791626870321442,data/asvspoof/test/LA_0017/LA_E_6037005.flac,data/attacks/bandpass-300-3400/LA_E_6037005.wav,bandpass-300-3400,0,1,1,1,1,1,1
-0.3345826993003889,0,0.0,2.0375728432291456e-05,-0.031297118871999596,0.002652883282377949,-0.04495091164095372,0.0718954248366013,-9.15628298356377,data/asvspoof/test/LA_0017/LA_E_3102565.flac,data/attacks/bandpass-300-3400/LA_E_3102565.wav,bandpass-300-3400,1,1,1,1,1,1,1
-0.6080829601896003,0,0.0,1.510756586898719e-05,-0.007735073724921437,0.0031536281163502267,-0.05555555555555558,0.05472636815920398,-9.931791930917752,data/asvspoof/test/LA_0017/LA_E_9082189.flac,data/attacks/bandpass-300-3400/LA_E_9082189.wav,bandpass-300-3400,1,1,1,1,1,0,1
-0.7083900474782456,0,0.0,2.1280670766742568e-05,-0.06537422059543319,0.020069570894547417,-0.05146968139773894,0.11764705882352941,-11.194895045275363,data/asvspoof/test/LA_0017/LA_E_2135071.flac,data/attacks/bandpass-300-3400/LA_E_2135071.wav,bandpass-300-3400,1,1,1,1,0,0,1
-1.7553287898215575,0,0.0,2.4511005441443208e-05,-0.012549634786018893,0.1571527926140951,-0.04135338345864664,0.09774436090225563,-10.453973949834172,data/asvspoof/test/LA_0018/LA_E_7833085.flac,data/attacks/bandpass-300-3400/LA_E_7833085.wav,bandpass-300-3400,0,1,1,1,0,1,1
-1.7802033215321957,0,0.0,2.3656320968962907e-05,0.0,0.004717567198435635,-0.006493506493506496,0.03305785123966942,-9.009464337381754,data/asvspoof/test/LA_0018/LA_E_4008479.flac,data/attacks/bandpass-300-3400/LA_E_4008479.wav,bandpass-300-3400,0,1,1,1,1,1,1
-1.1689939070374564,0,0.0,1.90516108136943e-05,-0.019508849473222956,0.0035762259589438017,-0.054384236453202006,0.09090909090909091,-11.003307053277991,data/asvspoof/test/LA_0019/LA_E_2900914.flac,data/attacks/bandpass-300-3400/LA_E_2900914.wav,bandpass-300-3400,0,1,1,1,1,0,1
-0.4657799548667364,0,0.0,2.490597992578018e-05,-0.012751861721999491,0.012755824338454458,0.019995855781185234,0.07874015748031496,-9.965965759121252,data/asvspoof/test/LA_0019/LA_E_1392652.flac,data/attacks/bandpass-300-3400/LA_E_1392652.wav,bandpass-300-3400,1,1,1,1,1,1,1
-1.0348596431121402,0,0.0,2.066841659260484e-05,-0.010582229295413748,0.0007218300763253138,0.06768414067684148,0.07913669064748201,-8.927180255680906,data/asvspoof/test/LA_0019/LA_E_7017025.flac,data/attacks/bandpass-300-3400/LA_E_7017025.wav,bandpass-300-3400,0,1,1,1,1,0,1
-1.9671654731203057,0,0.0,2.573870071038814e-05,-0.01317821476371872,0.09120476152799784,-0.011433756805807632,0.16666666666666666,-8.795875550413594,data/asvspoof/test/LA_0019/LA_E_5280127.flac,data/attacks/bandpass-300-3400/LA_E_5280127.wav,bandpass-300-3400,0,1,1,1,0,1,1
-0.14670175028702384,0,0.0,1.9063596156779016e-05,-0.0780844898581668,0.060867894155646196,-0.08141025641025643,0.09554140127388536,-10.198436391252322,data/asvspoof/test/LA_0020/LA_E_8711637.flac,data/attacks/bandpass-300-3400/LA_E_8711637.wav,bandpass-300-3400,1,1,1,1,0,0,1
-1.9418232384573892,0,0.0,1.5779590677417828e-05,-0.0242374512805138,0.14104516510848097,-0.05250558570060643,0.06763285024154589,-10.15126077582189,data/asvspoof/test/LA_0020/LA_E_1564490.flac,data/attacks/bandpass-300-3400/LA_E_1564490.wav,bandpass-300-3400,0,1,1,1,0,0,1
-1.3107775012239133,0,0.0,1.2223593981102324e-05,-0.03755088070994639,0.00403630050890269,-0.11648871099920421,0.07806691449814127,-10.146467365334502,data/asvspoof/test/LA_0020/LA_E_9934853.flac,data/attacks/bandpass-300-3400/LA_E_9934853.wav,bandpass-300-3400,0,1,1,1,1,0,1
-1.5712849359613208,0,0.0,1.6135798883402716e-05,-0.008261529028302184,0.14306954138425,-0.06169180443039368,0.05759162303664921,-8.139810451379407,data/asvspoof/test/LA_0020/LA_E_3975772.flac,data/attacks/bandpass-300-3400/LA_E_3975772.wav,bandpass-300-3400,0,1,1,1,0,0,1
-0.6512782710600101,0,0.0,1.9061415881971712e-05,0.0,0.006654506502677626,-0.06279806676695582,0.06918238993710692,-9.74061790132125,data/asvspoof/test/LA_0021/LA_E_3283004.flac,data/attacks/bandpass-300-3400/LA_E_3283004.wav,bandpass-300-3400,1,1,1,1,1,0,1
-0.9701773036286279,0,0.0,2.4418235538300004e-05,0.0,0.03534840811290818,0.011828935395814366,0.09375,-8.695260085949132,data/asvspoof/test/LA_0021/LA_E_5651802.flac,data/attacks/bandpass-300-3400/LA_E_5651802.wav,bandpass-300-3400,1,1,1,1,0,1,1
-1.5416079202528878,0,0.0,1.024642655873764e-05,-0.01049234079614736,0.10621545072083682,-0.003985333970986771,0.12025316455696203,-9.634934554357475,data/asvspoof/test/LA_0022/LA_E_5380898.flac,data/attacks/bandpass-300-3400/LA_E_5380898.wav,bandpass-300-3400,0,1,1,1,0,1,1
-0.604683704557133,0,0.0,1.6273922666319488e-05,-0.033328993620622305,0.009101411998237496,-0.006500171057133075,0.12903225806451613,-9.843981712258376,data/asvspoof/test/LA_0022/LA_E_7913626.flac,data/attacks/bandpass-300-3400/LA_E_7913626.wav,bandpass-300-3400,1,1,1,1,1,1,1
1.8962830958805275e-06,0,0.0,1.2423286207667652e-05,-0.006360722538325869,0.004103536296895083,-0.05858082955894384,0.06810035842293907,-10.406534921520844,data/asvspoof/test/LA_0022/LA_E_3406513.flac,data/attacks/bandpass-300-3400/LA_E_3406513.wav,bandpass-300-3400,1,1,1,1,1,0,1
-0.07046602842941356,0,0.0,1.1363119858188264e-05,-0.0058179173673923446,0.002419875779792191,-0.03891389138913892,0.08389261744966443,-9.70549371300739,data/asvspoof/test/LA_0022/LA_E_7352998.flac,data/attacks/bandpass-300-3400/LA_E_7352998.wav,bandpass-300-3400,1,1,1,1,1,1,1
-1.4878694375114574,0,0.0,3.49662575614532e-05,-0.07161089548585614,0.04748448761207341,-0.17708333333333331,0.12244897959183673,-6.308646744099113,data/asvspoof/test/LA_0023/LA_E_5171892.flac,data/attacks/bandpass-300-3400/LA_E_5171892.wav,bandpass-300-3400,0,1,1,1,0,0,1
-1.642985668192893,0,0.0,2.0962602716753314e-05,-0.02146570518195534,0.0067323261651826005,-0.03944099378881988,0.10625,-9.743874439201033,data/asvspoof/test/LA_0023/LA_E_3231617.flac,data/attacks/bandpass-300-3400/LA_E_3231617.wav,bandpass-300-3400,0,1,1,1,1,1,1
-3.2009527115503578,0,0.0,1.2623234325098776e-05,0.012926191948901211,0.004394524279153655,-0.047065337763012194,0.07421875,-10.228239553361927,data/asvspoof/test/LA_0024/LA_E_8626389.flac,data/attacks/bandpass-300-3400/LA_E_8626389.wav,bandpass-300-3400,0,1,1,1,1,1,1
-3.176577244682882,0,0.0,1.8788163457022078e-05,-0.019239079379990587,0.03066103111985896,-0.01491135376306213,0.06547619047619048,-9.666830517967966,data/asvspoof/test/LA_0024/LA_E_2462935.flac,data/attacks/bandpass-300-3400/LA_E_2462935.wav,bandpass-300-3400,0,1,1,1,0,1,1
-1.7236015769149138,0,0.0,1.6868242160484456e-05,-0.00863653998616809,0.006044077471948128,-0.05277533039647575,0.03015075376884422,-8.768336523544477,data/asvspoof/test/LA_0024/LA_E_4767145.flac,data/attacks/bandpass-300-3400/LA_E_4767145.wav,bandpass-300-3400,0,1,1,1,1,0,1
-3.03823794377215,0,0.0,1.747854508590705e-05,0.00894901508398438,0.0067385532160592065,-0.03506493506493508,0.10526315789473684,-10.25666627294725,data/asvspoof/test/LA_0024/LA_E_8764798.flac,data/attacks/bandpass-300-3400/LA_E_8764798.wav,bandpass-300-3400,0,1,1,1,1,1,1
-2.3146663925266546,0,0.0,1.3335289175745776e-05,-0.0341383402899092,0.10231041240886418,0.041901188242651655,0.14344262295081966,-9.325792223123887,data/asvspoof/test/LA_0025/LA_E_6515051.flac,data/attacks/bandpass-300-3400/LA_E_6515051.wav,bandpass-300-3400,0,1,1,1,0,1,1
-3.516888747008453,0,0.0,1.527603800678256e-05,-0.007821331459472725,0.008319626162607507,-0.0428305400372439,0.15469613259668508,-8.087166577367022,data/asvspoof/test/LA_0025/LA_E_5091845.flac,data/attacks/bandpass-300-3400/LA_E_5091845.wav,bandpass-300-3400,0,1,1,1,1,1,1
-0.1880257330099559,0,0.0,1.9850328522937056e-05,0.0,0.0026832396739739917,-0.08916408668730647,0.05925925925925926,-11.167154655926556,data/asvspoof/test/LA_0026/LA_E_6380031.flac,data/attacks/bandpass-300-3400/LA_E_6380031.wav,bandpass-300-3400,1,1,1,1,1,0,1
-0.5675325455290331,0,0.0,1.2979090684906616e-05,-0.013290588861344377,0.04397954323069142,-0.012349559906592422,0.06167400881057269,-9.388808733987762,data/asvspoof/test/LA_0026/LA_E_1804143.flac,data/attacks/bandpass-300-3400/LA_E_1804143.wav,bandpass-300-3400,1,1,1,1,0,1,1
-0.4903327038564037,0,0.0,1.6297793278790052e-05,-0.033377880634962054,0.011626780179821328,0.03504590395480228,0.06217616580310881,-9.99505284865223,data/asvspoof/test/LA_0026/LA_E_4560400.flac,data/attacks/bandpass-300-3400/LA_E_4560400.wav,bandpass-300-3400,1,1,1,1,1,1,1
-0.5054815157810235,0,0.0,2.29205345068647e-05,0.0,0.061209269546676104,0.01944444444444443,0.07352941176470588,-9.937943441312358,data/asvspoof/test/LA_0026/LA_E_4054306.flac,data/attacks/bandpass-300-3400/LA_E_4054306.wav,bandpass-300-3400,1,1,1,1,0,1,1
-5.237683721038885,0,0.0,1.6119412608604543e-05,-0.008253139255605557,0.02856784502658427,-0.0485340802987862,0.17256637168141592,-8.405227851174917,data/asvspoof/test/LA_0027/LA_E_5327849.flac,data/attacks/bandpass-300-3400/LA_E_5327849.wav,bandpass-300-3400,0,1,1,1,0,1,1
-2.4764459700030623,0,0.0,1.722029928880164e-05,-0.008816793235866482,0.2013680707134362,-0.083980019623584,0.11442786069651742,-7.802365199215734,data/asvspoof/test/LA_0027/LA_E_9906132.flac,data/attacks/bandpass-300-3400/LA_E_9906132.wav,bandpass-300-3400,0,1,1,1,0,0,1
-4.221476590592369,0,0.0,2.1559158330458778e-05,0.0,0.004718888020762924,-0.06666666666666665,0.030864197530864196,-7.726473976590689,data/asvspoof/test/LA_0027/LA_E_1917255.flac,data/attacks/bandpass-300-3400/LA_E_1917255.wav,bandpass-300-3400,0,1,1,1,1,0,1
-0.3701143493582584,0,0.0,2.011950988873911e-05,0.0206023781260688,0.0055653954474824685,-0.004870327529526375,0.05202312138728324,-8.846606883071587,data/asvspoof/test/LA_0027/LA_E_7004519.flac,data/attacks/bandpass-300-3400/LA_E_7004519.wav,bandpass-300-3400,1,1,1,1,1,1,1
-1.3519092276706932,0,0.0,1.85508106704263e-05,-0.018996030126516517,0.06722681231084016,0.12352941176470589,0.041176470588235294,-10.613567013917406,data/asvspoof/test/LA_0028/LA_E_8444573.flac,data/attacks/bandpass-300-3400/LA_E_8444573.wav,bandpass-300-3400,0,1,1,1,0,0,1
-2.166044200808245,0,0.0,2.485707183693761e-05,-0.038180462341536214,0.059163480330719165,0.2932868062479229,0.03333333333333333,-10.791811672179378,data/asvspoof/test/LA_0028/LA_E_6134868.flac,data/attacks/bandpass-300-3400/LA_E_6134868.wav,bandpass-300-3400,0,1,1,1,0,0,1
-2.4738159489684923,0,0.0,1.6854595405437293e-05,-0.008629552847583821,0.004458908716704624,0.0029662738724095528,0.09722222222222222,-8.90752726664091,data/asvspoof/test/LA_0029/LA_E_7543874.flac,data/attacks/bandpass-300-3400/LA_E_7543874.wav,bandpass-300-3400,0,1,1,1,1,1,1
-2.5297375189743336,0,0.0,1.983615337313788e-05,0.0,0.06258961267386542,0.03750471811412687,0.13071895424836602,-8.247568439266649,data/asvspoof/test/LA_0029/LA_E_7290282.flac,data/attacks/bandpass-300-3400/LA_E_7290282.wav,bandpass-300-3400,0,1,1,1,0,1,1
-1.6153284156959178,0,0.0,2.0985037668142615e-05,-0.02148867857217801,0.05427329819959653,-0.02646809712027104,0.0967741935483871,-9.863420606690054,data/asvspoof/test/LA_0029/LA_E_1441284.flac,data/attacks/bandpass-300-3400/LA_E_1441284.wav,bandpass-300-3400,0,1,1,1,0,1,1
-1.396019552426199,0,0.0,1.724256845299676e-05,-0.008828195047934417,0.004331902877781457,-0.019144390885188434,0.10303030303030303,-9.751431856107521,data/asvspoof/test/LA_0029/LA_E_1815191.flac,data/attacks/bandpass-300-3400/LA_E_1815191.wav,bandpass-300-3400,0,1,1,1,1,1,1
-2.876176632757659,0,0.0,1.3199054947665746e-05,-0.04730541293243401,0.18230172023498076,-0.1221888506336532,0.0481283422459893,-10.296380935053437,data/asvspoof/test/LA_0030/LA_E_9138143.flac,data/attacks/bandpass-300-3400/LA_E_9138143.wav,bandpass-300-3400,0,1,1,1,0,0,1
-2.2587420592842946,0,0.0,1.906068923452272e-05,-0.07807258310460502,0.14243645857926635,-0.11619820341929876,0.049586776859504134,-10.191282247132705,data/asvspoof/test/LA_0030/LA_E_3486569.flac,data/attacks/bandpass-300-3400/LA_E_3486569.wav,bandpass-300-3400,0,1,1,1,0,0,1
-4.606211626012139,0,0.0,2.0334709315330337e-05,0.08329096935559305,0.10713611819204655,-0.04774416816200977,0.08982035928143713,-10.80505595816781,data/asvspoof/test/LA_0031/LA_E_8832325.flac,data/attacks/bandpass-300-3400/LA_E_8832325.wav,bandpass-300-3400,0,1,1,1,0,1,1
-0.007821514300167759,0,0.0,1.5758951084215836e-05,0.0,0.0068896240229530115,-0.03395871685402063,0.04739336492890995,-10.884281140878226,data/asvspoof/test/LA_0031/LA_E_2144572.flac,data/attacks/bandpass-300-3400/LA_E_2144572.wav,bandpass-300-3400,1,1,1,1,1,1,1
-1.3211095315546735,0,0.0,3.3255736614566014e-05,-0.03405387429331558,0.1725148872261607,-0.10402476780185757,0.11764705882352941,-10.066614086890537,data/asvspoof/test/LA_0031/LA_E_5075675.flac,data/attacks/bandpass-300-3400/LA_E_5075675.wav,bandpass-300-3400,0,1,1,1,0,0,1
-0.13868558347510035,0,0.0,1.854874610476332e-05,0.0,0.007538822835090886,0.10027472527472525,0.03278688524590164,-10.579705384225937,data/asvspoof/test/LA_0031/LA_E_3590990.flac,data/attacks/bandpass-300-3400/LA_E_3590990.wav,bandpass-300-3400,1,1,1,1,1,0,1
-2.0504072590340607,0,0.0,9.70393300404654e-06,0.0,0.21087977973497185,-0.056425339828630405,0.09019607843137255,-9.123147788279592,data/asvspoof/test/LA_0032/LA_E_6758527.flac,data/attacks/bandpass-300-3400/LA_E_6758527.wav,bandpass-300-3400,0,1,1,1,0,0,1
-2.9731121726212755,0,0.0,1.4647507726560326e-05,0.0,0.27368701425419295,-0.12771192127040928,0.12209302325581395,-10.851576092331683,data/asvspoof/test/LA_0032/LA_E_2952558.flac,data/attacks/bandpass-300-3400/LA_E_2952558.wav,bandpass-300-3400,0,1,1,1,0,0,1
-3.2203465613785593,0,0.0,2.8224668360146768e-05,-0.014451030200395176,0.002957872297613573,0.06906943105110896,0.12096774193548387,-8.488280344099984,data/asvspoof/test/LA_0033/LA_E_3534890.flac,data/attacks/bandpass-300-3400/LA_E_3534890.wav,bandpass-300-3400,0,1,1,1,1,0,1
-2.713417163930174,0,0.0,2.2591722392915236e-05,-0.011566961865172587,0.007386951935982933,-0.013826232247284853,0.1267605633802817,-8.141179518308366,data/asvspoof/test/LA_0033/LA_E_6961006.flac,data/attacks/bandpass-300-3400/LA_E_6961006.wav,bandpass-300-3400,0,1,1,1,1,1,1
-2.671405867660228,0,0.0,1.1446362346046426e-05,0.0,0.14831558673501544,-0.022629136400322825,0.09556313993174062,-7.97574361831959,data/asvspoof/test/LA_0033/LA_E_2026661.flac,data/attacks/bandpass-300-3400/LA_E_2026661.wav,bandpass-300-3400,0,1,1,1,0,1,1
-2.372636843114127,0,0.0,2.4033262034655965e-05,-0.01230503016174378,0.001448503250083888,0.04230769230769227,0.05357142857142857,-8.288534814626367,data/asvspoof/test/LA_0033/LA_E_3568970.flac,data/attacks/bandpass-300-3400/LA_E_3568970.wav,bandpass-300-3400,0,1,1,1,1,1,1
-1.13539171581968,0,0.0,1.8539461243256273e-05,-0.018984408313094447,0.003654409057276542,0.05205882352941177,0.04790419161676647,-8.7026633481501,data/asvspoof/test/LA_0034/LA_E_1783411.flac,data/attacks/bandpass-300-3400/LA_E_1783411.wav,bandpass-300-3400,0,1,1,1,1,0,1
-0.8909908554864049,0,0.0,1.3958487458299019e-05,-0.007146745578649083,0.030109282438539386,-0.004540625749631655,0.04205607476635514,-9.00544558649522,data/asvspoof/test/LA_0034/LA_E_9501461.flac,data/attacks/bandpass-300-3400/LA_E_9501461.wav,bandpass-300-3400,1,1,1,1,0,1,1
-0.7703621221029682,0,0.0,1.4375251566902421e-05,-0.029440515209016138,0.0023176856172359983,-0.04380764163372858,0.052884615384615384,-9.281636672045664,data/asvspoof/test/LA_0034/LA_E_6465809.flac,data/attacks/bandpass-300-3400/LA_E_6465809.wav,bandpass-300-3400,1,1,1,1,1,1,1
-5.664658480783559e-07,0,0.0,1.9816106531388713e-05,-0.010145846544071024,0.0031268397812130866,-0.0008281573498964967,0.03067484662576687,-9.89925164547398,data/asvspoof/test/LA_0034/LA_E_8219414.flac,data/attacks/bandpass-300-3400/LA_E_8219414.wav,bandpass-300-3400,1,1,1,1,1,1,1
-1.763645960384646,0,0.0,1.8320722569298134e-05,0.0,0.009103036693598465,-0.04545454545454547,0.17763157894736842,-9.695879481910906,data/asvspoof/test/LA_0035/LA_E_6057217.flac,data/attacks/bandpass-300-3400/LA_E_6057217.wav,bandpass-300-3400,0,1,1,1,1,1,1
-2.9781632402250025,0,0.0,1.4238523749857615e-05,-0.021870372479781297,0.001526825256062514,0.036945812807881784,0.11822660098522167,-9.696766581784843,data/asvspoof/test/LA_0035/LA_E_9685531.flac,data/attacks/bandpass-300-3400/LA_E_9685531.wav,bandpass-300-3400,0,1,1,1,1,1,1
-0.7381304752231587,0,0.0,2.0115867396202126e-05,0.0,0.0030167464567745217,-0.020599014280298256,0.096,-10.336883409037938,data/asvspoof/test/LA_0035/LA_E_5239519.flac,data/attacks/bandpass-300-3400/LA_E_5239519.wav,bandpass-300-3400,1,1,1,1,1,1,1
-0.04770320701988308,0,0.0,1.8365135626526602e-05,-0.018805898881563254,0.007854964405296982,0.01040032000984642,0.056962025316455694,-10.263809475648081,data/asvspoof/test/LA_0035/LA_E_1319921.flac,data/attacks/bandpass-300-3400/LA_E_1319921.wav,bandpass-300-3400,1,1,1,1,1,1,1
-4.57730045953919,0,0.0,1.631108501337509e-05,-0.05010765316108834,0.11068111035735584,-0.07570960698689957,0.08441558441558442,-9.710890381717135,data/asvspoof/test/LA_0036/LA_E_4916170.flac,data/attacks/bandpass-300-3400/LA_E_4916170.wav,bandpass-300-3400,0,1,1,1,0,0,1
-1.6548166935996713,0,0.0,3.713537701691517e-05,0.0,0.07655795863173287,-0.021367521367521347,0.06164383561643835,-8.928097558069902,data/asvspoof/test/LA_0036/LA_E_8554579.flac,data/attacks/bandpass-300-3400/LA_E_8554579.wav,bandpass-300-3400,0,1,1,1,0,1,1
-1.5781616793460518,0,0.0,1.7254171195886607e-05,-0.026502406956881774,0.007300809908719286,-0.0662427133015368,0.058823529411764705,-10.000720331805088,data/asvspoof/test/LA_0037/LA_E_4310858.flac,data/attacks/bandpass-300-3400/LA_E_4310858.wav,bandpass-300-3400,0,1,1,1,1,0,1
-1.605433853610553,0,0.0,2.220297963986767e-05,0.0,0.005354888300094007,-0.0951870661137772,0.0859375,-9.296716560782727,data/asvspoof/test/LA_0037/LA_E_5303704.flac,data/attacks/bandpass-300-3400/LA_E_5303704.wav,bandpass-300-3400,0,1,1,1,1,0,1
-2.0376864996442072,0,0.0,2.096304215667778e-05,0.0,0.04966390241938279,-0.02391803568274159,0.07741935483870968,-8.57960140613665,data/asvspoof/test/LA_0037/LA_E_6006583.flac,data/attacks/bandpass-300-3400/LA_E_6006583.wav,bandpass-300-3400,0,1,1,1,0,1,1
-1.1430765809744075,0,0.0,1.979179036535645e-05,0.0,0.006643540223915556,0.04582252861931568,0.0736196319018405,-9.45111357130532,data/asvspoof/test/LA_0037/LA_E_8218457.flac,data/attacks/bandpass-300-3400/LA_E_8218457.wav,bandpass-300-3400,0,1,1,1,1,1,1
-2.4374454061805007,0,0.0,9.220073944993039e-06,-0.01888271143934578,0.1735011460327287,-0.1234448860563016,0.10526315789473684,-8.653423946647335,data/asvspoof/test/LA_0038/LA_E_4471017.flac,data/attacks/bandpass-300-3400/LA_E_4471017.wav,bandpass-300-3400,0,1,1,1,0,0,1
-1.0170584458805563,0,0.0,1.2642704527352492e-05,-0.025892258872017904,0.1747824150000623,-0.16384776485881417,0.07048458149779736,-7.79384636939563,data/asvspoof/test/LA_0038/LA_E_7539391.flac,data/attacks/bandpass-300-3400/LA_E_7539391.wav,bandpass-300-3400,0,1,1,1,0,0,1
-1.3744564030934492,0,0.0,1.6488318026678097e-05,-0.025326056488977566,0.13663876680835724,-0.1776241000378931,0.14285714285714285,-9.166352524151165,data/asvspoof/test/LA_0039/LA_E_6863548.flac,data/attacks/bandpass-300-3400/LA_E_6863548.wav,bandpass-300-3400,0,1,1,1,0,0,1
-2.4689688927305027,0,0.0,2.4928331048236322e-05,-0.02552661099339404,0.00574314556584804,-0.002434728553667609,0.06976744186046512,-9.713143663214726,data/asvspoof/test/LA_0039/LA_E_9291955.flac,data/attacks/bandpass-300-3400/LA_E_9291955.wav,bandpass-300-3400,0,1,1,1,1,1,1
